Judul Berita,Link Berita,Link Gambar,themes,recommendation
Terbaru! Formasi CPNS & PPPK 2024 di 7 Kementerian,https://www.cnbcindonesia.com/news/20240425060824-4-533212/terbaru-formasi-cpns-pppk-2024-di-7-kementerian,https://awsimages.detik.net.id/visual/2023/11/09/peserta-mengikuti-pelaksanaan-skdseleksi-kompetensi-casn-2023-di-kantor-badan-kepegawaian-negara-bkn-pusat-jakarta-kamis-91120_43.jpeg?w=152&q=90,kemensos,"['Sosial', 'Kemensos', 'CPNS']"
Terbaru! Kemensos Buka 40.839 Formasi PPAK di CASN 2024,https://www.cnbcindonesia.com/news/20240419135003-4-531686/terbaru-kemensos-buka-40839-formasi-ppak-di-casn-2024,https://awsimages.detik.net.id/visual/2023/05/24/menteri-sosial-tri-rismaharini-saat-memberi-keterangan-pers-di-gedung-kementerian-sosial-ri-jakarta-rabu-245-kementerian-sosia-7_43.jpeg?w=152&q=90,kemensos,"['Sosial', 'Kemensos', 'CPNS']"
"Lowongan CPNS 2024 Dibuka Mei Ini, Cek Syarat dan Link Pendaftaran",https://www.cnbcindonesia.com/news/20240511134209-4-537245/lowongan-cpns-2024-dibuka-mei-ini-cek-syarat-dan-link-pendaftaran,https://awsimages.detik.net.id/visual/2021/09/02/seleksi-kompetensi-dasar-skd-bagi-calon-pegawai-negeri-sipil-cpns_43.jpeg?w=152&q=90,kemensos,"['Sosial', 'Kemensos', 'CPNS']"
"Kemensos Buka 117 Lowongan CPNS, Catat Nih Syaratnya",https://finance.detik.com/cpns/d-4781253/kemensos-buka-117-lowongan-cpns-catat-nih-syaratnya,https://akcdn.detik.net.id/community/media/visual/2016/09/26/5dbc7eb9-5505-42af-b30e-378368a33906_43.jpg?w=250&q=,kemensos,"['Sosial', 'Kemensos', 'CPNS']"
CASN 2024: Ini 7 Instansi yang Buka Lowongan CPNS & PPPK,https://www.cnbcindonesia.com/news/20240422062214-4-532076/casn-2024-ini-7-instansi-yang-buka-lowongan-cpns-pppk,https://awsimages.detik.net.id/visual/2023/11/09/peserta-mengikuti-pelaksanaan-skdseleksi-kompetensi-casn-2023-di-kantor-badan-kepegawaian-negara-bkn-pusat-jakarta-kamis-91120-11_43.jpeg?w=152&q=90,kemensos,"['Sosial', 'Kemensos', 'CPNS']"
Mau Kerja Dekat Jokowi atau Sri Mulyani? Ini Syaratnya,https://www.cnbcindonesia.com/news/20191117164611-4-115849/mau-kerja-dekat-jokowi-atau-sri-mulyani-ini-syaratnya,https://awsimages.detik.net.id/visual/2019/10/07/84110bb2-0a72-467f-ad99-e5f4df1a5ca4_43.jpeg?w=152&q=90,kemensos,"['Sosial', 'Kemensos', 'CPNS']"
Daftar Nama yang Lulus SKD CPNS di Kemensos,https://finance.detik.com/loker/d-4329980/daftar-nama-yang-lulus-skd-cpns-di-kemensos,https://akcdn.detik.net.id/community/media/visual/2018/11/03/65bdb3f1-2e74-4832-b1f4-d0501ca8b1fb_43.jpeg?w=250&q=,kemensos,"['Sosial', 'Kemensos', 'CPNS']"
Kemensos Buka Lowongan untuk Pendamping PKH 2019,https://finance.detik.com/loker/d-4457348/kemensos-buka-lowongan-untuk-pendamping-pkh-2019,https://akcdn.detik.net.id/community/media/visual/2018/03/08/2ffc9004-70ec-4f7b-877d-89a52e4da94e_43.jpeg?w=250&q=,kemensos,"['Sosial', 'Kemensos', 'CPNS']"
"Nih Daftar Formasi CPNS & PPPK di Kementerian, Kemenag Buka Paling Banyak!",https://finance.detik.com/cpns/d-7302820/nih-daftar-formasi-cpns-pppk-di-kementerian-kemenag-buka-paling-banyak,https://akcdn.detik.net.id/community/media/visual/2023/08/10/ilustrasi-tes-cpns_43.jpeg?w=250&q=,kemensos,"['Sosial', 'Kemensos', 'CPNS']"
"Catat! Ini Syarat, Jadwal, Formasi dan Link Pendaftaran CPNS 2024",https://www.cnbcindonesia.com/tech/20240504173155-37-535759/catat-ini-syarat-jadwal-formasi-dan-link-pendaftaran-cpns-2024,https://awsimages.detik.net.id/visual/2023/08/29/lengkap-formasi-syarat-cara-daftar-cpns-pppk-2023-1_43.jpeg?w=152&q=90,kemensos,"['Sosial', 'Kemensos', 'CPNS']"
"Link Pendaftaran CPNS, Formasi, Syarat, dan Jadwalnya",https://www.cnbcindonesia.com/tech/20240518081848-37-539227/link-pendaftaran-cpns-formasi-syarat-dan-jadwalnya,https://awsimages.detik.net.id/visual/2023/10/10/pendaftaran-cpns-diperpanjang-ini-5-instansi-sepi-peminat_43.jpeg?w=152&q=90,kemensos,"['Sosial', 'Kemensos', 'CPNS']"
"7 Lembaga Ini Buka Formasi Jumbo CPNS, Cek Cara Daftarnya",https://www.cnbcindonesia.com/news/20240513092412-4-537502/7-lembaga-ini-buka-formasi-jumbo-cpns-cek-cara-daftarnya,https://awsimages.detik.net.id/visual/2024/04/02/menteri-panrb-abdullah-azwar-anas-menghimbau-untuk-semua-asn-tidak-menggunakan-kendaraan-dinas-untuk-mudik_43.png?w=152&q=90,kemensos,"['Sosial', 'Kemensos', 'CPNS']"
Wah! 3 Kementerian Ini Buka Formasi CASN Terbesar di 2024,https://www.cnbcindonesia.com/news/20240421105729-4-531985/wah-3-kementerian-ini-buka-formasi-casn-terbesar-di-2024,https://awsimages.detik.net.id/visual/2023/11/09/peserta-mengikuti-pelaksanaan-skdseleksi-kompetensi-casn-2023-di-kantor-badan-kepegawaian-negara-bkn-pusat-jakarta-kamis-91120-16_43.jpeg?w=152&q=90,kemensos,"['Sosial', 'Kemensos', 'CPNS']"
Daftar CPNS Kemensos? Ini Daftar Hasil Seleksinya,https://finance.detik.com/berita-ekonomi-bisnis/d-3751558/daftar-cpns-kemensos-ini-daftar-hasil-seleksinya,https://akcdn.detik.net.id/community/media/visual/2017/09/06/6f260f0b-5a6e-440d-9f03-4aeb8e12eee6_43.jpg?w=250&q=,kemensos,"['Sosial', 'Kemensos', 'CPNS']"
"Terbaru, 40.839 Lowongan Kerja untuk PPPK dan CASN Kemensos 2024",http://www.kompas.com/tren/read/2024/04/20/093000765/terbaru-40.839-lowongan-kerja-untuk-pppk-dan-casn-kemensos-2024,https://asset.kompas.com/crops/XSaMFw3p_-yrqFKlB1ZRgRWnLMs=/0x0:1279x853/490x326/data/photo/2024/04/13/661a3b3ab15a5.jpg,kemensos,"['Sosial', 'Kemensos', 'CPNS']"
"Link Pendaftaran CPNS 2024, Cek Jadwal, Formasi, dan Syaratnya!",https://www.cnbcindonesia.com/tech/20240503103419-37-535470/link-pendaftaran-cpns-2024-cek-jadwal-formasi-dan-syaratnya,https://awsimages.detik.net.id/visual/2021/09/02/seleksi-kompetensi-dasar-skd-bagi-calon-pegawai-negeri-sipil-cpns-13_43.jpeg?w=152&q=90,kemensos,"['Sosial', 'Kemensos', 'CPNS']"
Kapan Seleksi CPNS 2024 Dibuka? Ini Bocoran dari BKN,https://finance.detik.com/cpns/d-7303416/kapan-seleksi-cpns-2024-dibuka-ini-bocoran-dari-bkn,https://akcdn.detik.net.id/community/media/visual/2022/01/20/pemerintah-kota-cimahi-tidak-akan-menerima-calon-pegawai-negeri-sipil-pada-tahun-2022_43.jpeg?w=250&q=,kemensos,"['Sosial', 'Kemensos', 'CPNS']"
"Cara Daftar CPNS 2023 yang Dibuka Hari Ini, Bisa Cek Gaji kalau Lolos",https://finance.detik.com/cpns/d-6940564/cara-daftar-cpns-2023-yang-dibuka-hari-ini-bisa-cek-gaji-kalau-lolos,https://akcdn.detik.net.id/community/media/visual/2023/08/10/ilustrasi-tes-cpns_43.jpeg?w=250&q=,kemensos,"['Sosial', 'Kemensos', 'CPNS']"
"Link Pendaftaran CPNS 2024, Jadwal dan Formasi",https://www.cnbcindonesia.com/tech/20240508132533-37-536697/link-pendaftaran-cpns-2024-jadwal-dan-formasi,https://awsimages.detik.net.id/visual/2023/11/09/pelaksanaan-tes-seleksi-kompetensi-dasar-skd-calon-pegawai-negeri-sipil-cpns-mulai-dilaksanakan-hari-ini-kamis-9112023-salah-s_43.jpeg?w=152&q=90,kemensos,"['Sosial', 'Kemensos', 'CPNS']"
"CPNS 2023 Buka Formasi untuk Lulusan SMA, Digaji Berapa?",https://www.cnbcindonesia.com/news/20230922062241-4-474598/cpns-2023-buka-formasi-untuk-lulusan-sma-digaji-berapa,https://awsimages.detik.net.id/visual/2023/09/19/cpns-2023_43.png?w=152&q=90,kemenkumham,"['Hukum', 'Kemenkumham', 'CPNS']"
Seleksi CPNS 2023: 5 Instansi Jadi Incaran Peserta,https://www.cnbcindonesia.com/news/20231003084154-4-477314/seleksi-cpns-2023-5-instansi-jadi-incaran-peserta,https://awsimages.detik.net.id/visual/2019/11/04/9b03981f-cf22-4028-8161-c931bc3978aa_43.jpeg?w=152&q=90,kemenkumham,"['Hukum', 'Kemenkumham', 'CPNS']"
Mengintip Besaran Gaji Sipir Penjara Lulusan SMA di Kemenkumham,http://money.kompas.com/read/2020/06/19/090128526/mengintip-besaran-gaji-sipir-penjara-lulusan-sma-di-kemenkumham,https://asset.kompas.com/crops/Nn9t6bcSEnX-8gG-Q7HhHXwymFU=/20x14:969x646/230x153/data/photo/2018/09/14/139045254.jpg,kemenkumham,"['Hukum', 'Kemenkumham', 'CPNS']"
Seleksi CPNS 2023: 6 Instansi Ini Buka Lowongan!,https://www.cnbcindonesia.com/news/20230912064636-4-471547/seleksi-cpns-2023-6-instansi-ini-buka-lowongan,https://awsimages.detik.net.id/visual/2021/09/02/seleksi-kompetensi-dasar-skd-bagi-calon-pegawai-negeri-sipil-cpns-8_43.jpeg?w=152&q=90,kemenkumham,"['Hukum', 'Kemenkumham', 'CPNS']"
"Kemenkumham Rilis Hasil Akhir Seleksi CPNS 2019, Ini Informasi Lengkapnya!",http://www.kompas.com/tren/read/2020/10/31/135200665/kemenkumham-rilis-hasil-akhir-seleksi-cpns-2019-ini-informasi-lengkapnya-,https://asset.kompas.com/crops/L2Z70jyz99amdRgxoceebMAc2Zw=/161x37:1112x670/490x326/data/photo/2020/10/31/5f9ceeb8daf88.jpg,kemenkumham,"['Hukum', 'Kemenkumham', 'CPNS']"
CPNS 2023: BRIN Buka Lowongan 500 Peneliti Ahli Muda,https://www.cnbcindonesia.com/news/20230911083941-4-471230/cpns-2023-brin-buka-lowongan-500-peneliti-ahli-muda,https://awsimages.detik.net.id/visual/2020/09/01/tes-cpns-di-tengah-pandemi-cnbc-indonesia-andrean-kristianto-24_43.jpeg?w=152&q=90,kemenkumham,"['Hukum', 'Kemenkumham', 'CPNS']"
"Polisi Ringkus 4 Penipu Seleksi CPNS yang Rugikan Ratusan Korban Rp 7,4 M",https://www.detik.com/jatim/hukum-dan-kriminal/d-7150504/polisi-ringkus-4-penipu-seleksi-cpns-yang-rugikan-ratusan-korban-rp-7-4-m,https://akcdn.detik.net.id/community/media/visual/2024/01/19/penipuan-seleksi-cpns-di-jawa-timur-dengan-kerugian-rp-74-miliar-terbongkar-4_43.jpeg?w=250&q=90,kemenkumham,"['Hukum', 'Kemenkumham', 'CPNS']"
"Nah, 3 Kementerian & Lembaga Ini Buka CPNS 2023, Daftar Yuk!",https://www.cnbcindonesia.com/news/20230905063419-4-469177/nah-3-kementerian-lembaga-ini-buka-cpns-2023-daftar-yuk,https://awsimages.detik.net.id/visual/2021/09/02/seleksi-kompetensi-dasar-skd-bagi-calon-pegawai-negeri-sipil-cpns-12_43.jpeg?w=152&q=90,kemenkumham,"['Hukum', 'Kemenkumham', 'CPNS']"
Joki CPNS yang Dapat Skor Tertinggi di Makassar Dijanjikan Rp 20 Juta,https://news.detik.com/berita/d-7037894/joki-cpns-yang-dapat-skor-tertinggi-di-makassar-dijanjikan-rp-20-juta,https://akcdn.detik.net.id/community/media/visual/2023/11/14/kanit-tipidter-polrestabes-makassar-akp-hamka_43.jpeg?w=250&q=90,kemenkumham,"['Hukum', 'Kemenkumham', 'CPNS']"
"Ini Sosok Joki CPNS Kemenkumham, Mahasiswa Unhas Makassar Semester Akhir",http://makassar.kompas.com/read/2023/11/15/171203578/ini-sosok-joki-cpns-kemenkumham-mahasiswa-unhas-makassar-semester-akhir,https://asset.kompas.com/crops/pcGV07e5V1HGkefJlJ3EQU-APSw=/3x0:1340x891/230x153/data/photo/2022/05/30/62942778e5f2a.jpg,kemenkumham,"['Hukum', 'Kemenkumham', 'CPNS']"
Cek Yuk! 3 Instansi Ini Buka Lowongan CPNS 2023,https://www.cnbcindonesia.com/news/20230907061742-4-470162/cek-yuk-3-instansi-ini-buka-lowongan-cpns-2023,https://awsimages.detik.net.id/visual/2021/03/08/cover-topik-test-cpnsluar_43.png?w=152&q=90,kemenkumham,"['Hukum', 'Kemenkumham', 'CPNS']"
Seleksi CPNS 2023: 6 Instansi Ini Buka Lowongan!,https://www.cnbcindonesia.com/news/20230912064636-4-471547/seleksi-cpns-2023-6-instansi-ini-buka-lowongan,https://awsimages.detik.net.id/visual/2021/09/02/seleksi-kompetensi-dasar-skd-bagi-calon-pegawai-negeri-sipil-cpns-8_43.jpeg?w=152&q=90,kemenkumham,"['Hukum', 'Kemenkumham', 'CPNS']"
"Serba-serbi Ujian CPNS, Ada Kembang serta Jimat hingga Penangkapan Joki",http://regional.kompas.com/read/2023/11/15/120500778/serba-serbi-ujian-cpns-ada-kembang-serta-jimat-hingga-penangkapan-joki,https://asset.kompas.com/crops/l9Yhg_9W9HsOqWZCYc-uR9TRl-c=/0x0:1200x800/230x153/data/photo/2023/11/12/655066e33ca78.jpg,kemenkumham,"['Hukum', 'Kemenkumham', 'CPNS']"
2 Joki CPNS Kemenkumham di Makassar Ditangkap,https://20.detik.com/detikflash/20181108-181108095/2-joki-cpns-kemenkumham-di-makassar-ditangkap,https://akcdn.detik.net.id/community/media/visual/videoservice/AdminTV/2018/11/08/0a84b741551c4a5e8aaadfafd1aa1817-0s.jpg?w=900,kemenkumham,"['Hukum', 'Kemenkumham', 'CPNS']"
"Hasil SKD CPNS Kemenkumham 2023 Diumumkan, Ini Cara Mengeceknya",http://www.kompas.com/tren/read/2023/11/24/143000465/hasil-skd-cpns-kemenkumham-2023-diumumkan-ini-cara-mengeceknya,https://asset.kompas.com/crops/XiF9MHgwB776X4FWErwMXsjVQ2s=/0x25:1034x714/230x153/data/photo/2023/11/24/65601d73f1b99.jpg,kemenkumham,"['Hukum', 'Kemenkumham', 'CPNS']"
"Daftar Sekolah Kedinasan yang Menerima Lulusan SMK, Apa Saja?",https://www.detik.com/edu/seleksi-masuk-pt/d-7346553/daftar-sekolah-kedinasan-yang-menerima-lulusan-smk-apa-saja,https://akcdn.detik.net.id/community/media/visual/2022/06/12/ilustrasi-tes-skd-sekolah-kedinasan_43.jpeg?w=250&q=90,kemenkumham,"['Hukum', 'Kemenkumham', 'CPNS']"
Polisi Masih Buru Dua Orang di Makassar yang Gunakan Jasa Joki CPNS,http://regional.kompas.com/read/2020/02/19/18105981/polisi-masih-buru-dua-orang-di-makassar-yang-gunakan-jasa-joki-cpns,https://asset.kompas.com/crops/gO2oOafKDmH9lTGh_Y62Bq3icTE=/80x53:720x480/230x153/data/photo/2020/02/05/5e39a6efca4aa.jpg,kemenkumham,"['Hukum', 'Kemenkumham', 'CPNS']"
Cek! 5 Instansi Ini Buka Seleksi CPNS 2023,https://www.cnbcindonesia.com/news/20230911085224-4-471232/cek-5-instansi-ini-buka-seleksi-cpns-2023,https://awsimages.detik.net.id/visual/2021/09/02/seleksi-kompetensi-dasar-skd-bagi-calon-pegawai-negeri-sipil-cpns-11_43.jpeg?w=152&q=90,kemenkumham,"['Hukum', 'Kemenkumham', 'CPNS']"
Joki CPNS Kemenkumham di Surabaya yang Tertangkap Dijanjikan Rp 30 Juta,https://www.detik.com/jatim/hukum-dan-kriminal/d-7038371/joki-cpns-kemenkumham-di-surabaya-yang-tertangkap-dijanjikan-rp-30-juta,https://akcdn.detik.net.id/community/media/visual/2023/11/15/pria-jadi-joki-cpns-di-surabaya-ditangkap_43.jpeg?w=250&q=90,kemenkumham,"['Hukum', 'Kemenkumham', 'CPNS']"
Polisi Ungkap Modus Mahasiswa Jadi Joki Tes CPNS Kemenkumham di Makassar,https://www.detik.com/sulsel/berita/d-7037107/polisi-ungkap-modus-mahasiswa-jadi-joki-tes-cpns-kemenkumham-di-makassar,https://akcdn.detik.net.id/community/media/visual/2023/11/14/kasat-reskrim-polrestabes-makassar-akbp-ridwan-hutagaol_43.jpeg?w=250&q=90,kemenkumham,"['Hukum', 'Kemenkumham', 'CPNS']"
Duh! Peserta Tes CPNS Kepergok Bawa Jimat Garam hingga Bunga Kantil,https://news.detik.com/berita/d-7034064/duh-peserta-tes-cpns-kepergok-bawa-jimat-garam-hingga-bunga-kantil,https://akcdn.detik.net.id/community/media/visual/2023/08/10/ilustrasi-tes-cpns_43.jpeg?w=250&q=90,kemenkumham,"['Hukum', 'Kemenkumham', 'CPNS']"
"Jadi Joki CPNS di Surabaya, Mahasiswa Dijanjikan Imbalan hingga Rp 30 Juta jika Loloskan Peserta",http://surabaya.kompas.com/read/2023/11/15/112100378/jadi-joki-cpns-di-surabaya-mahasiswa-dijanjikan-imbalan-hingga-rp-30-juta,https://asset.kompas.com/crops/QSXWJ_1bY5GaGAWk-dXJIfb9VPo=/0x0:0x0/230x153/data/photo/2023/11/15/65541b6964a6f.jpg,kemenkumham,"['Hukum', 'Kemenkumham', 'CPNS']"
Tertangkapnya Mahasiswa Jember Jadi Joki CPNS di Kemenkumham Jatim,https://www.detik.com/jatim/hukum-dan-kriminal/d-7039761/tertangkapnya-mahasiswa-jember-jadi-joki-cpns-di-kemenkumham-jatim,https://akcdn.detik.net.id/community/media/visual/2023/11/15/polisi-tangkap-joki-cpns-di-surabaya-3_43.jpeg?w=250&q=90,kemenkumham,"['Hukum', 'Kemenkumham', 'CPNS']"
Link Hasil SKD CPNS Kemenkumham 2021 dan Tahapan Seleksi Selanjutnya,http://www.kompas.com/tren/read/2021/11/19/143000665/link-hasil-skd-cpns-kemenkumham-2021-dan-tahapan-seleksi-selanjutnya,https://asset.kompas.com/crops/dIEQIuY4JmbY552PS9EuR3cyBRI=/99x71:936x629/490x326/data/photo/2021/11/19/61970ebbb20ef.png,kemenkumham,"['Hukum', 'Kemenkumham', 'CPNS']"
Cara Cek Pengumuman CPNS Kemenkumham Buka cpns.kemenkumham.go.id,http://www.kompas.com/tren/read/2021/11/19/095935465/cara-cek-pengumuman-cpns-kemenkumham-buka-cpnskemenkumhamgoid,https://asset.kompas.com/crops/845WdScOc4PGvP9OopRsReADcRU=/99x71:936x629/230x153/data/photo/2021/11/19/61970ebbb20ef.png,kemenkumham,"['Hukum', 'Kemenkumham', 'CPNS']"
"Hasil Tes SKD CPNS Kemenkumham Resmi Diumumkan, Berikut Rinciannya",http://money.kompas.com/read/2020/03/23/175416826/hasil-tes-skd-cpns-kemenkumham-resmi-diumumkan-berikut-rinciannya,https://asset.kompas.com/crops/AS0dwYm28hrF9ABTdeCm_lkkl5I=/0x0:0x0/230x153/data/photo/2020/02/10/5e41280e4d1da.jpg,kemenkumham,"['Hukum', 'Kemenkumham', 'CPNS']"
7 Instansi yang Buka Formasi CPNS 2024 untuk SMA/SMK Sederajat Lengkap,https://www.detik.com/jateng/bisnis/d-7242833/7-instansi-yang-buka-formasi-cpns-2024-untuk-sma-smk-sederajat-lengkap,https://akcdn.detik.net.id/community/media/visual/2023/08/10/ilustrasi-tes-cpns_43.jpeg?w=250&q=90,kemenkumham,"['Hukum', 'Kemenkumham', 'CPNS']"
"Syarat CPNS 2023 Kemenkumham Formasi Penjaga Tahanan, SMA Bisa Daftar",http://www.kompas.com/tren/read/2023/09/02/060000265/syarat-cpns-2023-kemenkumham-formasi-penjaga-tahanan-sma-bisa-daftar,https://asset.kompas.com/crops/Z61Rtw-_qOnS31zI5lUx3Y48cDM=/0x0:0x0/230x153/data/photo/2022/12/13/6398864997ea0.jpg,kemenkumham,"['Hukum', 'Kemenkumham', 'CPNS']"
Joki Tes CPNS Kemenkumham di Surabaya Tertangkap,https://www.detik.com/jatim/hukum-dan-kriminal/d-7037714/joki-tes-cpns-kemenkumham-di-surabaya-tertangkap,https://akcdn.detik.net.id/community/media/visual/2023/11/15/pria-jadi-joki-cpns-di-surabaya-ditangkap-3_43.jpeg?w=250&q=90,kemenkumham,"['Hukum', 'Kemenkumham', 'CPNS']"
"Ini Sosok Joki CPNS Kemenkumham, Mahasiswa Unhas Makassar Semester Akhir",http://makassar.kompas.com/read/2023/11/15/171203578/ini-sosok-joki-cpns-kemenkumham-mahasiswa-unhas-makassar-semester-akhir,https://asset.kompas.com/crops/pcGV07e5V1HGkefJlJ3EQU-APSw=/3x0:1340x891/230x153/data/photo/2022/05/30/62942778e5f2a.jpg,kemenkumham,"['Hukum', 'Kemenkumham', 'CPNS']"
7 Instansi yang Buka Formasi CPNS 2024 untuk SMA/SMK Sederajat Lengkap,https://www.detik.com/jateng/bisnis/d-7242833/7-instansi-yang-buka-formasi-cpns-2024-untuk-sma-smk-sederajat-lengkap,https://akcdn.detik.net.id/community/media/visual/2023/08/10/ilustrasi-tes-cpns_43.jpeg?w=250&q=90,kemenkominfo,"['Komunikasi', 'Informatika', 'Kemenkominfo', 'CPNS']"
"Cerita di Balik Viral Edit Foto Jas: 'Ditolak' di IG, Ramai di Twitter",https://news.detik.com/berita/d-4404966/cerita-di-balik-viral-edit-foto-jas-ditolak-di-ig-ramai-di-twitter,https://akcdn.detik.net.id/community/media/visual/2019/01/29/b33296bb-4994-4284-b69c-9309efdba868_43.jpeg?w=250&q=90,kemenkominfo,"['Komunikasi', 'Informatika', 'Kemenkominfo', 'CPNS']"
KemenPAN-RB Pantau Medsos CPNS yang Posting Anti-NKRI,https://news.detik.com/berita/d-4781392/kemenpan-rb-pantau-medsos-cpns-yang-posting-anti-nkri,https://akcdn.detik.net.id/community/media/visual/2019/11/12/5dbe65a5-64eb-4c27-b206-c965fb017a10_43.jpeg?w=250&q=90,kemenkominfo,"['Komunikasi', 'Informatika', 'Kemenkominfo', 'CPNS']"
10.000 PNS Bisa Daftar Jadi Pegawai Pajak dan Kemenkeu,https://finance.detik.com/berita-ekonomi-bisnis/d-2449774/10-000-pns-bisa-daftar-jadi-pegawai-pajak-dan-kemenkeu,https://akcdn.detik.net.id/customthumb/2013/12/23/4/pns.jpeg?w=250&q=90,kemenkominfo,"['Komunikasi', 'Informatika', 'Kemenkominfo', 'CPNS']"
"CASN 2024 Dibuka 3 Kali, Catat Jadwal Pendaftarannya!",https://www.cnbcindonesia.com/news/20240320111146-4-523575/casn-2024-dibuka-3-kali-catat-jadwal-pendaftarannya,https://awsimages.detik.net.id/visual/2023/11/09/peserta-mengikuti-pelaksanaan-skdseleksi-kompetensi-casn-2023-di-kantor-badan-kepegawaian-negara-bkn-pusat-jakarta-kamis-91120-3_43.jpeg?w=152&q=90,kemenkominfo,"['Komunikasi', 'Informatika', 'Kemenkominfo', 'CPNS']"
Kala Netizen Kompak Adu Kreativitas Edit Foto Gadis Berjas,https://news.detik.com/berita/d-4406069/kala-netizen-kompak-adu-kreativitas-edit-foto-gadis-berjas,https://akcdn.detik.net.id/community/media/visual/2019/01/29/b33296bb-4994-4284-b69c-9309efdba868_43.jpeg?w=250&q=90,kemenkominfo,"['Komunikasi', 'Informatika', 'Kemenkominfo', 'CPNS']"
"Daftar CPNS, Akun Pelamar Bisa Diserang Hacker?",https://finance.detik.com/loker/d-4221362/daftar-cpns-akun-pelamar-bisa-diserang-hacker,https://akcdn.detik.net.id/community/media/visual/2017/07/12/56cbe533-49f2-45b6-8314-1fd10868cefe_43.jpg?w=250&q=90,kemenkominfo,"['Komunikasi', 'Informatika', 'Kemenkominfo', 'CPNS']"
Cek Pengumuman Lokasi dan Jadwal SKD CPNS Kemenkominfo di Sini,http://money.kompas.com/read/2021/08/30/132746426/cek-pengumuman-lokasi-dan-jadwal-skd-cpns-kemenkominfo-di-sini,https://asset.kompas.com/crops/PNpifknoxMS3DQ0NiYDSW9RTVb4=/90x47:811x528/490x326/data/photo/2021/08/25/6125e7a368efe.png,kemenkominfo,"['Komunikasi', 'Informatika', 'Kemenkominfo', 'CPNS']"
Cek Pengumuman Akhir CPNS 2021 Kominfo hingga Kementan di Sini!,https://finance.detik.com/cpns/d-5873936/cek-pengumuman-akhir-cpns-2021-kominfo-hingga-kementan-di-sini,https://akcdn.detik.net.id/community/media/visual/2021/11/19/cpns-kemenkumham_43.jpeg?w=250&q=90,kemenkominfo,"['Komunikasi', 'Informatika', 'Kemenkominfo', 'CPNS']"
Pemerintah Intip Medsos Calon Pegawai Negeri,https://news.detik.com/berita/d-4782249/pemerintah-intip-medsos-calon-pegawai-negeri,https://akcdn.detik.net.id/community/media/visual/2018/02/28/56c2fb37-87c6-4fc9-9527-0968d9924731_43.png?w=250&q=90,kemenkominfo,"['Komunikasi', 'Informatika', 'Kemenkominfo', 'CPNS']"
"Pengumuman Hasil Seleksi Administrasi CPNS dan PPPK 2023, Cek Sekarang!",https://www.detik.com/bali/berita/d-6987536/pengumuman-hasil-seleksi-administrasi-cpns-dan-pppk-2023-cek-sekarang,https://akcdn.detik.net.id/community/media/visual/2023/02/03/ilustrasi-pegawai-asn_43.jpeg?w=250&q=90,kemenkominfo,"['Komunikasi', 'Informatika', 'Kemenkominfo', 'CPNS']"
Pengumuman! Cek Hasil Tes CPNS di 5 Kementerian Ini di Sini,https://www.cnbcindonesia.com/news/20211228122934-4-302632/pengumuman-cek-hasil-tes-cpns-di-5-kementerian-ini-di-sini,https://awsimages.detik.net.id/visual/2021/10/21/skd-cpns-kemenkumham-jatim-bernuansa-squid-game-dok-kemenkumham-jatim-6_43.jpeg?w=152&q=90,kemenkominfo,"['Komunikasi', 'Informatika', 'Kemenkominfo', 'CPNS']"
Kuliah di UGM Gratis? Cek Syarat Beasiswa S2 Kemenkominfo,https://www.detik.com/edu/beasiswa/d-6092707/kuliah-di-ugm-gratis-cek-syarat-beasiswa-s2-kemenkominfo,https://akcdn.detik.net.id/community/media/visual/2022/05/24/beasiswa-s2-kemenkominfo_43.jpeg?w=250&q=90,kemenkominfo,"['Komunikasi', 'Informatika', 'Kemenkominfo', 'CPNS']"
"CASN 2024 Dibuka Mei, Ini Cara Daftarnya!",https://www.cnbcindonesia.com/news/20240326070146-4-525349/casn-2024-dibuka-mei-ini-cara-daftarnya,https://awsimages.detik.net.id/visual/2024/03/19/pelaksana-tugas-kepala-badan-kepegawaian-negara-haryomo-dwi-putranto-dalam-konferensi-pers-di-press-room-kementerian-komunikas_43.png?w=152&q=90,kemenkominfo,"['Komunikasi', 'Informatika', 'Kemenkominfo', 'CPNS']"
Gaji ke-13 Cair! Ingat Dibayar Tak Full 100% & Tak Serentak,https://www.cnbcindonesia.com/news/20230616061623-4-446410/gaji-ke-13-cair-ingat-dibayar-tak-full-100-tak-serentak,https://awsimages.detik.net.id/visual/2021/05/23/infografis-gaji-ke-13-pns-cair-1-juni-cek-besaran-tiap-golonganaristya-rahadian_43.png?w=152&q=90,kemenkeu,"['Keuangan', 'Kemenkeu', 'CPNS']"
"Jangan Kelewatan! Lowongan 1,03 Juta CASN Dibuka September",https://www.cnbcindonesia.com/news/20230706100454-4-451804/jangan-kelewatan-lowongan-103-juta-casn-dibuka-september,https://awsimages.detik.net.id/visual/2021/09/02/seleksi-kompetensi-dasar-skd-bagi-calon-pegawai-negeri-sipil-cpns-13_43.jpeg?w=152&q=90,kemenkeu,"['Keuangan', 'Kemenkeu', 'CPNS']"
THR PNS Daerah Cair! Sri Mulyani Sudah Transfer ke 55 Pemda,https://www.cnbcindonesia.com/news/20220421193309-4-333748/thr-pns-daerah-cair-sri-mulyani-sudah-transfer-ke-55-pemda,https://awsimages.detik.net.id/visual/2019/10/03/01b46223-772f-4c9d-89f0-93a056b4e696_43.jpeg?w=152&q=90,kemenkeu,"['Keuangan', 'Kemenkeu', 'CPNS']"
"Beasiswa Prasejahtera LPDP 2024, Kuliah S2 Gratis untuk Warga Kurang Mampu",https://www.detik.com/sumbagsel/berita/d-7145864/beasiswa-prasejahtera-lpdp-2024-kuliah-s2-gratis-untuk-warga-kurang-mampu,https://akcdn.detik.net.id/community/media/visual/2022/01/29/ilustrasi-lulus-kuliah-wisuda-pendidikan-beasiswa_43.jpeg?w=250&q=90,kemenkeu,"['Keuangan', 'Kemenkeu', 'CPNS']"
Kemenkeu Gandeng BKN Genjot Pelayanan PNS Berbasis IT,https://www.cnbcindonesia.com/news/20190819111025-4-92909/kemenkeu-gandeng-bkn-genjot-pelayanan-pns-berbasis-it,https://awsimages.detik.net.id/visual/2019/08/19/1a0e8d63-8a3d-4a16-871c-a741cc74c38c_43.jpeg?w=152&q=90,kemenkeu,"['Keuangan', 'Kemenkeu', 'CPNS']"
"Sri Mulyani Cairkan Gaji ke-13 PNS, Cek Besaran & Penerima!",https://www.cnbcindonesia.com/news/20230606063816-4-443216/sri-mulyani-cairkan-gaji-ke-13-pns-cek-besaran-penerima,https://awsimages.detik.net.id/visual/2022/05/13/infografis-gak-perlu-ngantor-pns-bakal-kerja-bak-pegawai-startup_43.jpeg?w=152&q=90,kemenkeu,"['Keuangan', 'Kemenkeu', 'CPNS']"
6 Fakta CPNS Bakamla Tutup Usia Saat Latihan Coast Guard,https://news.detik.com/berita/d-6303279/6-fakta-cpns-bakamla-tutup-usia-saat-latihan-coast-guard,https://akcdn.detik.net.id/community/media/visual/2022/09/20/suasana-cpns-bakamla-ikuti-coast-guard-basic-training_43.jpeg?w=250&q=90,kemenkeu,"['Keuangan', 'Kemenkeu', 'CPNS']"
"Usai Pilpres Menteri Basuki Kumpulkan Ribuan CPNS, Ada Apa?",https://www.cnbcindonesia.com/news/20190422091807-4-67875/usai-pilpres-menteri-basuki-kumpulkan-ribuan-cpns-ada-apa,https://awsimages.detik.net.id/visual/2019/04/22/31b200b8-c80b-4627-b2c7-c762b1d1fb89_43.jpeg?w=152&q=90,kemenkeu,"['Keuangan', 'Kemenkeu', 'CPNS']"
Sri Mulyani: Kalau Tidak Cocok Keluar Sekarang!,https://www.cnbcindonesia.com/news/20190731110003-4-88789/sri-mulyani-kalau-tidak-cocok-keluar-sekarang,https://awsimages.detik.net.id/visual/2019/07/30/663af682-fa42-4fd5-9a75-90e5a48221b9_43.jpeg?w=152&q=90,kemenkeu,"['Keuangan', 'Kemenkeu', 'CPNS']"
"Rekomendasi Sekolah Kedinasan buat Anak IPS, Kuliah Gratis dan Jadi CPNS",https://www.detik.com/edu/seleksi-masuk-pt/d-6576503/rekomendasi-sekolah-kedinasan-buat-anak-ips-kuliah-gratis-dan-jadi-cpns,https://akcdn.detik.net.id/community/media/visual/2022/04/08/kampus-pkn-stan_43.jpeg?w=250&q=90,kemenkeu,"['Keuangan', 'Kemenkeu', 'CPNS']"
Mau Kerja Bareng Sri Mulyani? Lowongan CPNS Kemenkeu Dibuka,https://www.cnbcindonesia.com/news/20191112095025-4-114523/mau-kerja-bareng-sri-mulyani-lowongan-cpns-kemenkeu-dibuka,https://awsimages.detik.net.id/visual/2018/10/26/62e86f23-5d57-4547-bfb5-633167d1a9fa_43.jpeg?w=152&q=90,kemenkeu,"['Keuangan', 'Kemenkeu', 'CPNS']"
"Gaji ke-13 ASN, Pensiunan, Janda, dan Duda PNS Cair 3 Hari Lagi!",https://finance.detik.com/berita-ekonomi-bisnis/d-6148810/gaji-ke-13-asn-pensiunan-janda-dan-duda-pns-cair-3-hari-lagi,https://akcdn.detik.net.id/community/media/visual/2022/06/21/infografis-daftar-penerima-gaji-ke-13-cair-juli-1_43.jpeg?w=250&q=90,kemenkeu,"['Keuangan', 'Kemenkeu', 'CPNS']"
"CASN 2024 Dibuka 3 Kali, Catat Jadwal Pendaftarannya!",https://www.cnbcindonesia.com/news/20240320111146-4-523575/casn-2024-dibuka-3-kali-catat-jadwal-pendaftarannya,https://awsimages.detik.net.id/visual/2023/11/09/peserta-mengikuti-pelaksanaan-skdseleksi-kompetensi-casn-2023-di-kantor-badan-kepegawaian-negara-bkn-pusat-jakarta-kamis-91120-3_43.jpeg?w=152&q=90,kemenkeu,"['Keuangan', 'Kemenkeu', 'CPNS']"
"Kuras Kas Negara, Rekrut PNS Harus Sesuai Kebutuhan",https://www.cnbcindonesia.com/news/20220411190450-4-330752/kuras-kas-negara-rekrut-pns-harus-sesuai-kebutuhan,https://awsimages.detik.net.id/visual/2021/09/02/seleksi-kompetensi-dasar-skd-bagi-calon-pegawai-negeri-sipil-cpns-6_43.jpeg?w=152&q=90,kemenkeu,"['Keuangan', 'Kemenkeu', 'CPNS']"
Apakah Bisa Daftar 2 Sekolah Kedinasan Sekaligus? Begini Ketentuannya,https://www.detik.com/edu/seleksi-masuk-pt/d-6655293/apakah-bisa-daftar-2-sekolah-kedinasan-sekaligus-begini-ketentuannya,https://akcdn.detik.net.id/community/media/visual/2016/05/03/9281bd57-bdc2-4c1e-996c-f9bf57f11655_43.jpg?w=250&q=90,kemenkeu,"['Keuangan', 'Kemenkeu', 'CPNS']"
"Terungkap, Ini Skenario Pemerintah Hapus Tenaga Honorer!",https://www.cnbcindonesia.com/news/20200127124439-4-132989/terungkap-ini-skenario-pemerintah-hapus-tenaga-honorer,https://awsimages.detik.net.id/visual/2020/01/21/0580ef00-9953-477d-86ca-24808b2b4970_43.png?w=152&q=90,kemenkeu,"['Keuangan', 'Kemenkeu', 'CPNS']"
"CASN 2024 Dibuka Mei, Ini Cara Daftarnya!",https://www.cnbcindonesia.com/news/20240326070146-4-525349/casn-2024-dibuka-mei-ini-cara-daftarnya,https://awsimages.detik.net.id/visual/2024/03/19/pelaksana-tugas-kepala-badan-kepegawaian-negara-haryomo-dwi-putranto-dalam-konferensi-pers-di-press-room-kementerian-komunikas_43.png?w=152&q=90,kemenkeu,"['Keuangan', 'Kemenkeu', 'CPNS']"
"4 Hari Lagi Gaji ke-13 PNS Cair, Cek di Sini Besarannya",https://finance.detik.com/berita-ekonomi-bisnis/d-6148294/4-hari-lagi-gaji-ke-13-pns-cair-cek-di-sini-besarannya,https://akcdn.detik.net.id/community/media/visual/2021/06/03/gaji-ke-13-pns-1_43.jpeg?w=250&q=90,kemenkeu,"['Keuangan', 'Kemenkeu', 'CPNS']"
"Seleksi CPNS Kemenkeu Lanjut, Siapkan Syarat-syarat Ini",https://www.cnbcindonesia.com/news/20200803184150-4-177186/seleksi-cpns-kemenkeu-lanjut-siapkan-syarat-syarat-ini,https://awsimages.detik.net.id/visual/2018/01/10/2527a2ab-1316-49b8-815c-67896c75d369_43.jpeg?w=152&q=90,kemenkeu,"['Keuangan', 'Kemenkeu', 'CPNS']"
"Dear Para Pencari Kerja, Maaf! Tak Ada Lowongan CPNS di 2021",https://www.cnbcindonesia.com/news/20200707122304-4-170777/dear-para-pencari-kerja-maaf-tak-ada-lowongan-cpns-di-2021,https://awsimages.detik.net.id/visual/2019/11/13/5de07e24-030f-42f6-85df-1fb39a32b2f2_43.jpeg?w=152&q=90,kemenkeu,"['Keuangan', 'Kemenkeu', 'CPNS']"
"Lowongan PKN STAN Bakal Disetop, PNS Kemenkeu Dipangkas!",https://www.cnbcindonesia.com/news/20200711095518-4-171880/lowongan-pkn-stan-bakal-disetop-pns-kemenkeu-dipangkas,https://awsimages.detik.net.id/visual/2018/01/10/67d20935-0c65-476c-96d7-767d99d11a7e_43.jpeg?w=152&q=90,kemenkeu,"['Keuangan', 'Kemenkeu', 'CPNS']"
"Viral CPNS Bakamla Meninggal, Kemenkeu Ikut Tanggung Jawab",https://www.cnbcindonesia.com/news/20220920113658-4-373515/viral-cpns-bakamla-meninggal-kemenkeu-ikut-tanggung-jawab,https://awsimages.detik.net.id/visual/2022/09/20/jakarta-19-september-2022-bakamla-riindonesian-coast-guard-segenap-keluarga-besar-bakamla-ri-berduka-cita-atas-meninggalnya-mu_43.png?w=152&q=90,kemenkeu,"['Keuangan', 'Kemenkeu', 'CPNS']"
"Cara Daftar CPNS 2023 yang Dibuka Hari Ini, Bisa Cek Gaji kalau Lolos",https://finance.detik.com/cpns/d-6940564/cara-daftar-cpns-2023-yang-dibuka-hari-ini-bisa-cek-gaji-kalau-lolos,https://akcdn.detik.net.id/community/media/visual/2023/08/10/ilustrasi-tes-cpns_43.jpeg?w=250&q=90,kemenkeu,"['Keuangan', 'Kemenkeu', 'CPNS']"
Cara Membeli e-Meterai di POSPAY Lengkap dengan Pembubuhannya,https://www.detik.com/sulsel/berita/d-6970253/cara-membeli-e-meterai-di-pospay-lengkap-dengan-pembubuhannya,https://akcdn.detik.net.id/community/media/visual/2023/09/26/ilustrasi-e-meterai_43.png?w=250&q=90,kemenkeu,"['Keuangan', 'Kemenkeu', 'CPNS']"
Beasiswa LPDP untuk Siapa Saja? Begini Ketentuan Pendaftar Tiap Program,https://www.detik.com/edu/beasiswa/d-6536387/beasiswa-lpdp-untuk-siapa-saja-begini-ketentuan-pendaftar-tiap-program,https://akcdn.detik.net.id/community/media/visual/2023/01/25/beasiswa-lpdp_43.jpeg?w=250&q=90,kemenkeu,"['Keuangan', 'Kemenkeu', 'CPNS']"
"Wahai Para 'Hero' CPNS Kemenkeu, Catat Pesan Ibu Sri Mulyani",https://www.cnbcindonesia.com/news/20210217164746-4-224093/wahai-para-hero-cpns-kemenkeu-catat-pesan-ibu-sri-mulyani,https://awsimages.detik.net.id/visual/2021/02/01/menteri-keuangan-sri-mulyani-saat-konferensi-pers-komite-stabilitas-sistem-keuangan-tangkapan-layar-youtube-kemenkeu-ri-1_43.png?w=152&q=90,kemenkeu,"['Keuangan', 'Kemenkeu', 'CPNS']"
Teruntuk PNS Baru Kemenkeu: Jangan Sombong & Jemawa!,https://www.cnbcindonesia.com/news/20210217201233-4-224152/teruntuk-pns-baru-kemenkeu-jangan-sombong-jemawa,https://awsimages.detik.net.id/visual/2020/03/11/94415fc0-e916-43f3-bee6-002ffe529bfd_43.jpeg?w=152&q=90,kemenkeu,"['Keuangan', 'Kemenkeu', 'CPNS']"
"Kasus CPNS Alumnus STAN Meninggal, Sri Mulyani Turun Tangan",https://www.cnbcindonesia.com/news/20220920105517-4-373496/kasus-cpns-alumnus-stan-meninggal-sri-mulyani-turun-tangan,https://awsimages.detik.net.id/visual/2019/04/10/e2efcb3e-9f26-45fe-b4d8-ad7eb9026200_43.png?w=152&q=90,kemenkeu,"['Keuangan', 'Kemenkeu', 'CPNS']"
19 Kementerian dan Lembaga Buka Formasi CPNS dan PPPK 2023,https://www.detik.com/jogja/bisnis/d-6941311/19-kementerian-dan-lembaga-buka-formasi-cpns-dan-pppk-2023,https://akcdn.detik.net.id/community/media/visual/2023/08/10/ilustrasi-tes-cpns_43.jpeg?w=250&q=90,kemenkeu,"['Keuangan', 'Kemenkeu', 'CPNS']"
"15.858 Formasi CPNS Dosen 2023 Diusulkan, Begini Gambaran Syaratnya",https://www.detik.com/edu/perguruan-tinggi/d-6772331/15-858-formasi-cpns-dosen-2023-diusulkan-begini-gambaran-syaratnya,https://akcdn.detik.net.id/community/media/visual/2021/11/01/kejaksaaan-agung-belum-umumkan-skd-cpns-2021-jadi-kapan_43.jpeg?w=250&q=90,kemenkeu,"['Keuangan', 'Kemenkeu', 'CPNS']"
"Rincian Formasi CPNS Kemenkes 2023, Kriteria Pelamar hingga Cara Daftarnya",https://www.detik.com/sulsel/berita/d-6943418/rincian-formasi-cpns-kemenkes-2023-kriteria-pelamar-hingga-cara-daftarnya,https://akcdn.detik.net.id/community/media/visual/2021/11/19/cpns-kemenkumham_43.jpeg?w=250&q=,kemenkes,"['Kesehatan', 'Kemenkes', 'CPNS']"
Cek Yuk! 6 Instansi Ini Buka Formasi CASN 2023 Terbanyak,https://www.cnbcindonesia.com/news/20230925111019-4-475230/cek-yuk-6-instansi-ini-buka-formasi-casn-2023-terbanyak,https://awsimages.detik.net.id/visual/2021/09/02/seleksi-kompetensi-dasar-skd-bagi-calon-pegawai-negeri-sipil-cpns-9_43.jpeg?w=152&q=90,kemenkes,"['Kesehatan', 'Kemenkes', 'CPNS']"
Catat! Ini Batas Usia Minimal dan Maksimal Pendaftar CPNS 2023,https://www.detik.com/jabar/berita/d-6942427/catat-ini-batas-usia-minimal-dan-maksimal-pendaftar-cpns-2023,https://akcdn.detik.net.id/community/media/visual/2022/10/17/senangnya-orang-orang-ini-diangkat-jadi-pns_43.jpeg?w=250&q=,kemenkes,"['Kesehatan', 'Kemenkes', 'CPNS']"
Kisi-kisi Tes CPNS yang Dibuka Juni 2023,https://finance.detik.com/cpns/d-6539421/kisi-kisi-tes-cpns-yang-dibuka-juni-2023,https://akcdn.detik.net.id/community/media/visual/2021/11/23/skb-cpns-1_43.jpeg?w=250&q=,kemenkes,"['Kesehatan', 'Kemenkes', 'CPNS']"
Pangkat Golongan PNS Serta Besaran Tunjangan Terbaru 2022,https://www.cnbcindonesia.com/mymoney/20220721110121-72-357341/pangkat-golongan-pns-serta-besaran-tunjangan-terbaru-2022,https://awsimages.detik.net.id/visual/2022/01/24/dear-tenaga-honorer-kalian-akan-diangkat-jadi-pns-lho_43.png?w=152&q=90,kemenkes,"['Kesehatan', 'Kemenkes', 'CPNS']"
Daftar Lowongan CPNS yang Bakal Dibuka Juni 2023,https://finance.detik.com/cpns/d-6539135/daftar-lowongan-cpns-yang-bakal-dibuka-juni-2023,https://akcdn.detik.net.id/community/media/visual/2021/11/15/materi-pokok-skb-cpns-2021-apa-saja-ini-link-downloadnya_43.jpeg?w=250&q=,kemenkes,"['Kesehatan', 'Kemenkes', 'CPNS']"
"Jadwal Pendaftaran PPPK 2022 Kesehatan, Link, dan Cara Cek Status",https://www.detik.com/sulsel/berita/d-6390759/jadwal-pendaftaran-pppk-2022-kesehatan-link-dan-cara-cek-status,https://akcdn.detik.net.id/community/media/visual/2022/06/05/pppk-mengundurkan-diri_43.jpeg?w=250&q=,kemenkes,"['Kesehatan', 'Kemenkes', 'CPNS']"
"Lowongan Dosen di Formasi CPNS Kemenkes 2023, Cek di Sini!",https://www.detik.com/edu/perguruan-tinggi/d-6949636/lowongan-dosen-di-formasi-cpns-kemenkes-2023-cek-di-sini,https://akcdn.detik.net.id/community/media/visual/2021/09/27/seleksi-cpns-di-bandung_43.jpeg?w=250&q=,kemenkes,"['Kesehatan', 'Kemenkes', 'CPNS']"
"Skema Baru! PNS Bisa Cepat Naik Jabatan, Asal..",https://www.cnbcindonesia.com/news/20230713165111-4-454068/skema-baru-pns-bisa-cepat-naik-jabatan-asal,https://awsimages.detik.net.id/visual/2023/06/23/selamat-pns-ini-kebagian-rezeki-nomplok-dari-jokowi_43.png?w=152&q=90,kemenkes,"['Kesehatan', 'Kemenkes', 'CPNS']"
Kapan PPPK Tenaga Kesehatan 2023 Dibuka? Cek Jadwalnya di Sini!,https://www.detik.com/sulsel/berita/d-6934958/kapan-pppk-tenaga-kesehatan-2023-dibuka-cek-jadwalnya-di-sini,https://akcdn.detik.net.id/community/media/visual/2020/09/14/tes-cpns-di-kota-bandung-terapkan-protokol-kesehatan-5_43.jpeg?w=250&q=,kemenkes,"['Kesehatan', 'Kemenkes', 'CPNS']"
"Makin Banyak Lowongan CPNS 2023, Formasi Dibuka Apa Saja?",https://www.cnbcindonesia.com/news/20230206071518-4-411178/makin-banyak-lowongan-cpns-2023-formasi-dibuka-apa-saja,https://awsimages.detik.net.id/visual/2021/09/02/seleksi-kompetensi-dasar-skd-bagi-calon-pegawai-negeri-sipil-cpns_43.jpeg?w=152&q=90,kemenkes,"['Kesehatan', 'Kemenkes', 'CPNS']"
"Cara Daftar CPNS 2023 yang Dibuka Hari Ini, Bisa Cek Gaji kalau Lolos",https://finance.detik.com/cpns/d-6940564/cara-daftar-cpns-2023-yang-dibuka-hari-ini-bisa-cek-gaji-kalau-lolos,https://akcdn.detik.net.id/community/media/visual/2023/08/10/ilustrasi-tes-cpns_43.jpeg?w=250&q=,kemenkes,"['Kesehatan', 'Kemenkes', 'CPNS']"
Formasi PPPK Kemenkes RI 2023: Cara Cek Kuota hingga Jadwal Penerimaan,https://www.detik.com/sulsel/berita/d-6926029/formasi-pppk-kemenkes-ri-2023-cara-cek-kuota-hingga-jadwal-penerimaan,https://akcdn.detik.net.id/community/media/visual/2022/12/23/apa-itu-pppk-tenaga-teknis-1_43.png?w=250&q=,kemenkes,"['Kesehatan', 'Kemenkes', 'CPNS']"
"14 Instansi yang Buka Rekrutmen CPNS 2023, Mana yang Terbanyak Pendaftarnya?",https://www.detik.com/edu/detikpedia/d-6952933/14-instansi-yang-buka-rekrutmen-cpns-2023-mana-yang-terbanyak-pendaftarnya,https://akcdn.detik.net.id/community/media/visual/2021/11/23/bkn-pusat-umumkan-jadwal-skb-cpns-2021-ini-informasinya_43.jpeg?w=250&q=,kemenkes,"['Kesehatan', 'Kemenkes', 'CPNS']"
"Link Pendaftaran CPNS 2024, Cek Jadwal, Formasi, dan Syaratnya!",https://www.cnbcindonesia.com/tech/20240503103419-37-535470/link-pendaftaran-cpns-2024-cek-jadwal-formasi-dan-syaratnya,https://awsimages.detik.net.id/visual/2021/09/02/seleksi-kompetensi-dasar-skd-bagi-calon-pegawai-negeri-sipil-cpns-13_43.jpeg?w=152&q=90,kemenkes,"['Kesehatan', 'Kemenkes', 'CPNS']"
"Ini Perkiraan Jadwal Pendaftaran CPNS 2024, Simak Syarat dan Cara Daftarnya",https://www.detik.com/jateng/bisnis/d-7322906/ini-perkiraan-jadwal-pendaftaran-cpns-2024-simak-syarat-dan-cara-daftarnya,https://akcdn.detik.net.id/community/media/visual/2023/08/10/ilustrasi-tes-cpns_43.jpeg?w=250&q=,kemenkes,"['Kesehatan', 'Kemenkes', 'CPNS']"
Menteri PANRB: Ada 671.731 ASN Pensiun hingga 2027,https://www.cnbcindonesia.com/news/20240105180131-4-503147/menteri-panrb-ada-671731-asn-pensiun-hingga-2027,https://awsimages.detik.net.id/visual/2023/03/29/press-statement-thr-dan-gaji-13_43.png?w=152&q=90,kemenkes,"['Kesehatan', 'Kemenkes', 'CPNS']"
Terbaru! Ini Bocoran Jadwal Seleksi CASN 2023,https://www.cnbcindonesia.com/news/20230125150211-4-408175/terbaru-ini-bocoran-jadwal-seleksi-casn-2023,https://awsimages.detik.net.id/visual/2022/02/11/alex-denni-deputi-bidang-sdm-aparatur-kementerian-panrb-tangkapan-layar_43.jpeg?w=152&q=90,kemenkes,"['Kesehatan', 'Kemenkes', 'CPNS']"
Siap-siap! Lowongan CPNS 2023 Dibuka Lebih Cepat,https://www.cnbcindonesia.com/news/20230127125756-4-408761/siap-siap-lowongan-cpns-2023-dibuka-lebih-cepat,https://awsimages.detik.net.id/visual/2020/09/01/tes-cpns-di-tengah-pandemi-cnbc-indonesia-andrean-kristianto-22_43.jpeg?w=152&q=90,kemenkes,"['Kesehatan', 'Kemenkes', 'CPNS']"
"Seleksi CASN 2023 Pasti Dibuka, Cek Ini Bocorannya",https://finance.detik.com/cpns/d-6533721/seleksi-casn-2023-pasti-dibuka-cek-ini-bocorannya,https://akcdn.detik.net.id/community/media/visual/2021/11/23/skb-cpns-1_43.jpeg?w=250&q=,kemenkes,"['Kesehatan', 'Kemenkes', 'CPNS']"
MenPAN-RB Setujui 100% Formasi ASN Usulan Menkes,https://news.detik.com/berita/d-7273364/menpan-rb-setujui-100-formasi-asn-usulan-menkes,https://akcdn.detik.net.id/community/media/visual/2024/04/02/kementerian-pendayagunaan-aparatur-negara-dan-reformasi-birokrasi-kemenpan-rb-menyetujui-100-usulan-formasi-asn-untuk-kementer_43.jpeg?w=250&q=,kemenkes,"['Kesehatan', 'Kemenkes', 'CPNS']"
"Link Pendaftaran CPNS, Formasi, Syarat, dan Jadwalnya",https://www.cnbcindonesia.com/tech/20240518081848-37-539227/link-pendaftaran-cpns-formasi-syarat-dan-jadwalnya,https://awsimages.detik.net.id/visual/2023/10/10/pendaftaran-cpns-diperpanjang-ini-5-instansi-sepi-peminat_43.jpeg?w=152&q=90,kemenkes,"['Kesehatan', 'Kemenkes', 'CPNS']"
Lowongan CPNS 2021: Ini Instansi yang Masih Sepi Peminat,https://www.cnbcindonesia.com/news/20210715221247-4-261307/lowongan-cpns-2021-ini-instansi-yang-masih-sepi-peminat,https://awsimages.detik.net.id/visual/2020/09/01/tes-cpns-di-tengah-pandemi-cnbc-indonesia-andrean-kristianto-26_43.jpeg?w=152&q=90,kemenkes,"['Kesehatan', 'Kemenkes', 'CPNS']"
Alasan Pemkot Makassar Usul 760 Formasi di Seleksi PPPK Tanpa Kuota Nakes,https://www.detik.com/sulsel/berita/d-6257048/alasan-pemkot-makassar-usul-760-formasi-di-seleksi-pppk-tanpa-kuota-nakes,https://akcdn.detik.net.id/community/media/visual/2019/10/15/198b3abb-84bd-4994-8c21-35cdca7b1595_43.jpeg?w=250&q=,kemenkes,"['Kesehatan', 'Kemenkes', 'CPNS']"
Pengumuman! Menkes Buka 5.500 Lowongan Dokter dan Nakes,https://www.cnbcindonesia.com/news/20240401055938-4-526905/pengumuman-menkes-buka-5500-lowongan-dokter-dan-nakes,https://awsimages.detik.net.id/visual/2023/12/23/menteri-kesehatan-budi-gunadi-sadikin-dok-kemenkes_43.jpeg?w=152&q=90,kemenkes,"['Kesehatan', 'Kemenkes', 'CPNS']"
Pengumuman! Pemerintah Buka Lowongan PPPK Guru & Nakes,https://www.cnbcindonesia.com/news/20220411160630-4-330683/pengumuman-pemerintah-buka-lowongan-pppk-guru-nakes,https://awsimages.detik.net.id/visual/2021/09/02/seleksi-kompetensi-dasar-skd-bagi-calon-pegawai-negeri-sipil-cpns-13_43.jpeg?w=152&q=90,kemenkes,"['Kesehatan', 'Kemenkes', 'CPNS']"
"Lowongan CPNS Segera Buka, Cek Gaji PNS Terkini",https://www.cnbcindonesia.com/news/20230317051239-4-422417/lowongan-cpns-segera-buka-cek-gaji-pns-terkini,https://awsimages.detik.net.id/visual/2021/10/21/skd-cpns-kemenkumham-jatim-bernuansa-squid-game-dok-kemenkumham-jatim-3_43.jpeg?w=152&q=90,kemenkes,"['Kesehatan', 'Kemenkes', 'CPNS']"
"Formasi PPPK Kemenkes 2023: Posisi, Jadwal, Syarat, dan Link Daftar",https://www.detik.com/bali/berita/d-6941309/formasi-pppk-kemenkes-2023-posisi-jadwal-syarat-dan-link-daftar,https://akcdn.detik.net.id/community/media/visual/2022/06/03/gedung-kementerian-kesehatan-kemenkes-dok-kemenkes_43.jpeg?w=250&q=,kemenkes,"['Kesehatan', 'Kemenkes', 'CPNS']"
Pensiunan RSJ Menur Surabaya Tipu Rekan Kerja yang Pingin Anaknya Jadi ASN,https://www.detik.com/jatim/hukum-dan-kriminal/d-6561014/pensiunan-rsj-menur-surabaya-tipu-rekan-kerja-yang-pingin-anaknya-jadi-asn,https://akcdn.detik.net.id/community/media/visual/2023/02/09/sidang-perkara-pns-rsj-menur-surabaya-menipu-rekan-kerjanya-ratusan-juta_43.jpeg?w=250&q=,kemenkes,"['Kesehatan', 'Kemenkes', 'CPNS']"
Terbaru! Formasi CPNS & PPPK 2024 di 7 Kementerian,https://www.cnbcindonesia.com/news/20240425060824-4-533212/terbaru-formasi-cpns-pppk-2024-di-7-kementerian,https://awsimages.detik.net.id/visual/2023/11/09/peserta-mengikuti-pelaksanaan-skdseleksi-kompetensi-casn-2023-di-kantor-badan-kepegawaian-negara-bkn-pusat-jakarta-kamis-91120_43.jpeg?w=152&q=90,kemenkes,"['Kesehatan', 'Kemenkes', 'CPNS']"
"Link dan Cara Cek Formasi CPNS Kemenhub 2023, Lengkap Syarat dan Jadwalnya",https://www.detik.com/sulsel/berita/d-6929055/link-dan-cara-cek-formasi-cpns-kemenhub-2023-lengkap-syarat-dan-jadwalnya,,kemenhub,"['Transportasi', 'Kemenhub', 'CPNS']"
"Pendaftaran Segera Buka, Cek Syarat CPNS di 10 Instansi Ini!",https://www.cnbcindonesia.com/news/20210628150857-4-256510/pendaftaran-segera-buka-cek-syarat-cpns-di-10-instansi-ini,https://awsimages.detik.net.id/visual/2021/03/08/cover-topik-test-cpnsdalam_43.png?w=152&q=90,kemenhub,"['Transportasi', 'Kemenhub', 'CPNS']"
"Cara Cek Formasi CPNS Kemenhub 2023, beserta Syarat dan Dokumennya",https://finance.detik.com/cpns/d-6925189/cara-cek-formasi-cpns-kemenhub-2023-beserta-syarat-dan-dokumennya,,kemenhub,"['Transportasi', 'Kemenhub', 'CPNS']"
Kapan Pendaftaran CPNS 2024 Dibuka? Cek Info Terbarunya!,https://www.detik.com/jateng/bisnis/d-7353242/kapan-pendaftaran-cpns-2024-dibuka-cek-info-terbarunya,,kemenhub,"['Transportasi', 'Kemenhub', 'CPNS']"
"Daftar 39 Sekolah Kedinasan di Indonesia, Bisa Langsung CPNS",https://www.cnbcindonesia.com/lifestyle/20240226094433-33-517506/daftar-39-sekolah-kedinasan-di-indonesia-bisa-langsung-cpns,https://awsimages.detik.net.id/visual/2018/10/18/e3f8192f-082c-46db-abf2-435cde0f96fa_43.jpeg?w=152&q=90,kemenhub,"['Transportasi', 'Kemenhub', 'CPNS']"
Horeee! CPNS Juga Bakal Dapet THR 2024,https://finance.detik.com/berita-ekonomi-bisnis/d-7243312/horeee-cpns-juga-bakal-dapet-thr-2024,,kemenhub,"['Transportasi', 'Kemenhub', 'CPNS']"
Wajib Baca! 8 Instansi Ini Buka CPNS & PPPK 2023,https://www.cnbcindonesia.com/news/20230919083703-4-473573/wajib-baca-8-instansi-ini-buka-cpns-pppk-2023,https://awsimages.detik.net.id/visual/2021/03/08/cover-topik-test-cpnsluar_43.png?w=152&q=90,kemenhub,"['Transportasi', 'Kemenhub', 'CPNS']"
"Catat! Ini Syarat, Jadwal, Formasi dan Link Pendaftaran CPNS 2024",https://www.cnbcindonesia.com/tech/20240504173155-37-535759/catat-ini-syarat-jadwal-formasi-dan-link-pendaftaran-cpns-2024,https://awsimages.detik.net.id/visual/2023/08/29/lengkap-formasi-syarat-cara-daftar-cpns-pppk-2023-1_43.jpeg?w=152&q=90,kemenhub,"['Transportasi', 'Kemenhub', 'CPNS']"
58.694 Penumpang Ikut Program Mudik Gratis Kemenhub,https://news.detik.com/berita/d-7246097/58-694-penumpang-ikut-program-mudik-gratis-kemenhub,,kemenhub,"['Transportasi', 'Kemenhub', 'CPNS']"
"Pemkab Karawang Buka Seleksi CPNS dan PPPK, Ini Formasinya",https://www.detik.com/jabar/berita/d-7348859/pemkab-karawang-buka-seleksi-cpns-dan-pppk-ini-formasinya,,kemenhub,"['Transportasi', 'Kemenhub', 'CPNS']"
"UPDATE Formasi CPNS-PPPK IKN, Kemenag, Kemenhub, Kemenkes, Kemendikbud, dan Bawaslu 2024",http://www.kompas.com/tren/read/2024/04/19/160000265/update-formasi-cpns-pppk-ikn-kemenag-kemenhub-kemenkes-kemendikbud-dan,https://asset.kompas.com/crops/QXpHBc72r0Kq6DQz0lQnIy-OF7I=/83x0:926x562/230x153/data/photo/2023/09/11/64fe8285acaaa.jpg,kemenhub,"['Transportasi', 'Kemenhub', 'CPNS']"
"Perhatian! Lowongan CPNS Sudah Buka, Cek Syarat Khususnya",https://www.cnbcindonesia.com/news/20210711101837-4-259873/perhatian-lowongan-cpns-sudah-buka-cek-syarat-khususnya,https://awsimages.detik.net.id/visual/2021/06/29/cover-topik-cpns-2021konten_43.png?w=152&q=90,kemenhub,"['Transportasi', 'Kemenhub', 'CPNS']"
Cara Cek Link cpns.dephub.go.id Formasi PPPK,https://finance.detik.com/cpns/d-6941341/cara-cek-link-cpns-dephub-go-id-formasi-pppk,,kemenhub,"['Transportasi', 'Kemenhub', 'CPNS']"
"Formasi CPNS Kemenag 2024, Terbanyak dalam Sejarah CPNS Kemenag",https://www.detik.com/sumut/berita/d-7340380/formasi-cpns-kemenag-2024-terbanyak-dalam-sejarah-cpns-kemenag,,kemenhub,"['Transportasi', 'Kemenhub', 'CPNS']"
"Ingat! Syarat Khusus CPNS, Gak Boleh Tatoan-Nikah sama Bule",https://www.cnbcindonesia.com/news/20210710105935-4-259754/ingat-syarat-khusus-cpns-gak-boleh-tatoan-nikah-sama-bule,https://awsimages.detik.net.id/visual/2020/09/01/tes-cpns-di-tengah-pandemi-cnbc-indonesia-andrean-kristianto-23_43.jpeg?w=152&q=90,kemenhub,"['Transportasi', 'Kemenhub', 'CPNS']"
"Formasi CPNS Kemenhub 2024 Lengkap Syarat, Jadwal, dan Cara Daftarnya",https://www.detik.com/jateng/bisnis/d-7337101/formasi-cpns-kemenhub-2024-lengkap-syarat-jadwal-dan-cara-daftarnya,,kemenhub,"['Transportasi', 'Kemenhub', 'CPNS']"
Keterangan Kemenhub soal Pesawat Jatuh di BSD Tangsel,https://www.detik.com/sumut/berita/d-7348169/keterangan-kemenhub-soal-pesawat-jatuh-di-bsd-tangsel,,kemenhub,"['Transportasi', 'Kemenhub', 'CPNS']"
"7 Lembaga Ini Buka Formasi Jumbo CPNS, Cek Cara Daftarnya",https://www.cnbcindonesia.com/news/20240513092412-4-537502/7-lembaga-ini-buka-formasi-jumbo-cpns-cek-cara-daftarnya,https://awsimages.detik.net.id/visual/2024/04/02/menteri-panrb-abdullah-azwar-anas-menghimbau-untuk-semua-asn-tidak-menggunakan-kendaraan-dinas-untuk-mudik_43.png?w=152&q=90,kemenhub,"['Transportasi', 'Kemenhub', 'CPNS']"
"Tinjau Sekolah Kedinasan Kemenhub, Budi Karya Sosialisasi Reformasi Tradisi",https://news.detik.com/berita/d-7357150/tinjau-sekolah-kedinasan-kemenhub-budi-karya-sosialisasi-reformasi-tradisi,,kemenhub,"['Transportasi', 'Kemenhub', 'CPNS']"
"Link Pendaftaran CPNS 2024, Cek Jadwal, Formasi, dan Syaratnya!",https://www.cnbcindonesia.com/tech/20240503103419-37-535470/link-pendaftaran-cpns-2024-cek-jadwal-formasi-dan-syaratnya,https://awsimages.detik.net.id/visual/2021/09/02/seleksi-kompetensi-dasar-skd-bagi-calon-pegawai-negeri-sipil-cpns-13_43.jpeg?w=152&q=90,kemenhub,"['Transportasi', 'Kemenhub', 'CPNS']"
Pendaftaran CPNS 2023 Dibuka: Ini Link Formasi-Jadwal Terbaru,https://www.cnbcindonesia.com/tech/20230920072754-37-473909/pendaftaran-cpns-2023-dibuka-ini-link-formasi-jadwal-terbaru,https://awsimages.detik.net.id/visual/2023/08/29/lengkap-formasi-syarat-cara-daftar-cpns-pppk-2023-1_43.jpeg?w=152&q=90,kemenhub,"['Transportasi', 'Kemenhub', 'CPNS']"
Kemenhub Akomodir Usulan Unhas Teman Bus Rute Gowa-Makassar Beroperasi Lagi,https://www.detik.com/sulsel/makassar/d-7361960/kemenhub-akomodir-usulan-unhas-teman-bus-rute-gowa-makassar-beroperasi-lagi,,kemenhub,"['Transportasi', 'Kemenhub', 'CPNS']"
Formasi CPNS Kemenhub 2023: Ini Syarat dan Jadwal Pendaftarannya,https://www.detik.com/jateng/bisnis/d-6934605/formasi-cpns-kemenhub-2023-ini-syarat-dan-jadwal-pendaftarannya,,kemenhub,"['Transportasi', 'Kemenhub', 'CPNS']"
Jadwal dan Lokasi SKD CPNS Kemenhub 2021,http://www.kompas.com/tren/read/2021/09/15/200600465/jadwal-dan-lokasi-skd-cpns-kemenhub-2021,https://asset.kompas.com/crops/DO0OPxpXiGihVzXVV0DAeEF-0mw=/0x4:781x525/230x153/data/photo/2021/09/15/6141e1fbf36d7.png,kemenhub,"['Transportasi', 'Kemenhub', 'CPNS']"
Cek Yuk! 6 Instansi Ini Buka Formasi CASN 2023 Terbanyak,https://www.cnbcindonesia.com/news/20230925111019-4-475230/cek-yuk-6-instansi-ini-buka-formasi-casn-2023-terbanyak,https://awsimages.detik.net.id/visual/2021/09/02/seleksi-kompetensi-dasar-skd-bagi-calon-pegawai-negeri-sipil-cpns-9_43.jpeg?w=152&q=90,kemenhub,"['Transportasi', 'Kemenhub', 'CPNS']"
Lowongan CPNS 2021: Ini Instansi yang Masih Sepi Peminat,https://www.cnbcindonesia.com/news/20210715221247-4-261307/lowongan-cpns-2021-ini-instansi-yang-masih-sepi-peminat,https://awsimages.detik.net.id/visual/2020/09/01/tes-cpns-di-tengah-pandemi-cnbc-indonesia-andrean-kristianto-26_43.jpeg?w=152&q=90,kemenhub,"['Transportasi', 'Kemenhub', 'CPNS']"
Format Surat Pernyataan Seleksi Sekolah Kedinasan Kemenhub 2024 dan Linknya,https://www.detik.com/jogja/kota-pelajar/d-7341597/format-surat-pernyataan-seleksi-sekolah-kedinasan-kemenhub-2024-dan-linknya,,kemenhub,"['Transportasi', 'Kemenhub', 'CPNS']"
Kemenhub Antisipasi Lonjakan Mudik Via Jalur Laut,https://finance.detik.com/infrastruktur/d-7252612/kemenhub-antisipasi-lonjakan-mudik-via-jalur-laut,,kemenhub,"['Transportasi', 'Kemenhub', 'CPNS']"
"5 Cerita Perjuangan Jemaah Haji Indonesia Bisa Sampai ke Tanah Suci, Bikin Haru",https://www.detik.com/hikmah/haji-dan-umrah/d-7365180/5-cerita-perjuangan-jemaah-haji-indonesia-bisa-sampai-ke-tanah-suci-bikin-haru,,kemenhub,"['Transportasi', 'Kemenhub', 'CPNS']"
"Link Pendaftaran CPNS, Formasi, Syarat, dan Jadwalnya",https://www.cnbcindonesia.com/tech/20240518081848-37-539227/link-pendaftaran-cpns-formasi-syarat-dan-jadwalnya,https://awsimages.detik.net.id/visual/2023/10/10/pendaftaran-cpns-diperpanjang-ini-5-instansi-sepi-peminat_43.jpeg?w=152&q=90,kemenhub,"['Transportasi', 'Kemenhub', 'CPNS']"
"Seleksi Calon PPPK Guru Dipermudah, Gagal Bisa Ngulang Lagi!",https://www.cnbcindonesia.com/news/20210629183107-4-256882/seleksi-calon-pppk-guru-dipermudah-gagal-bisa-ngulang-lagi,https://awsimages.detik.net.id/visual/2021/03/18/kegiatan-uji-coba-belajar-mengajar-tatap-muka-dengan-menerapkan-protokol-kesehatan-di-smpn-1-bojonggede-kabupaten-bogor-jawa-b_43.jpeg?w=152&q=90,kemendikbud,"['Pendidikan', 'Kemendikbud', 'CPNS']"
"Kemendikbud Ristek Umumkan Hasil Akhir CPNS 2021, Segera Cek!",http://www.kompas.com/tren/read/2022/01/21/130000265/kemendikbud-ristek-umumkan-hasil-akhir-cpns-2021-segera-cek-,https://asset.kompas.com/crops/IYlAdsSx2E6tFVZRfjH8uR5kjkU=/83x45:605x393/230x153/data/photo/2021/11/04/61835a3a947f3.jpg,kemendikbud,"['Pendidikan', 'Kemendikbud', 'CPNS']"
26 Kampus Negeri yang Buka Lowongan Dosen Formasi CPNS dan PPPK 2023,http://www.kompas.com/tren/read/2023/10/04/070000665/26-kampus-negeri-yang-buka-lowongan-dosen-formasi-cpns-dan-pppk-2023,https://asset.kompas.com/crops/woHMZfQDNOnrnbNgVlk1AcRSDHg=/55x0:898x562/230x153/data/photo/2023/09/11/64fe8285acaaa.jpg,kemendikbud,"['Pendidikan', 'Kemendikbud', 'CPNS']"
Jangan Kelewat! Daftar CASN PPPK Guru Ditutup 2 Hari Lagi,https://www.cnbcindonesia.com/news/20230927195949-4-476170/jangan-kelewat-daftar-casn-pppk-guru-ditutup-2-hari-lagi,https://awsimages.detik.net.id/visual/2023/09/18/pendaftaran-casn-2023-diundur-jadi-20-september_43.png?w=152&q=90,kemendikbud,"['Pendidikan', 'Kemendikbud', 'CPNS']"
"Update CPNS 2019: 41.000 Orang Lamar CPNS Kemendikbud, Perebutkan 2.196 Formasi",http://www.kompas.com/tren/read/2019/11/30/083459065/update-cpns-2019-41000-orang-lamar-cpns-kemendikbud-perebutkan-2196-formasi,https://asset.kompas.com/crops/3D9cp9oQp26cqqikriXb0NtPoVo=/0x34:960x674/490x326/data/photo/2019/11/21/5dd5d94b17dca.jpg,kemendikbud,"['Pendidikan', 'Kemendikbud', 'CPNS']"
"CPNS Kejaksaan 2023: Cek Formasi, Syarat, Cara Daftar & Login",https://www.cnbcindonesia.com/news/20230921061239-4-474257/cpns-kejaksaan-2023-cek-formasi-syarat-cara-daftar-login,https://awsimages.detik.net.id/visual/2021/03/08/cover-topik-test-cpnsdalam_43.png?w=152&q=90,kemendikbud,"['Pendidikan', 'Kemendikbud', 'CPNS']"
"Pendaftaran Calon PPPK Guru Dibuka, Ini Syaratnya!",https://www.cnbcindonesia.com/news/20210701114805-4-257377/pendaftaran-calon-pppk-guru-dibuka-ini-syaratnya,https://awsimages.detik.net.id/visual/2021/03/18/kegiatan-uji-coba-belajar-mengajar-tatap-muka-dengan-menerapkan-protokol-kesehatan-di-smpn-1-bojonggede-kabupaten-bogor-jawa-b_43.jpeg?w=152&q=90,kemendikbud,"['Pendidikan', 'Kemendikbud', 'CPNS']"
Akhirnya Menteri PANRB Blak-Blakan Tentang Pensiun Massal PNS,https://www.cnbcindonesia.com/news/20230101113250-4-401832/akhirnya-menteri-panrb-blak-blakan-tentang-pensiun-massal-pns,https://awsimages.detik.net.id/visual/2020/10/26/bupati-banyuwangi-abdullah-azwar-anas-foto-rachman-haryanto_43.jpeg?w=152&q=90,kemendikbud,"['Pendidikan', 'Kemendikbud', 'CPNS']"
"Resmi, Ini Formasi CPNS-PPPK Kemenag, Kemendikbud Ristek, dan Kemenkes 2024",http://www.kompas.com/tren/read/2024/04/02/113000965/resmi-ini-formasi-cpns-pppk-kemenag-kemendikbud-ristek-dan-kemenkes-2024,https://asset.kompas.com/crops/QNQVYZX3LVHck_fzFemsIHctQQ0=/45x0:1392x898/230x153/data/photo/2024/02/13/65cb56dbaddcc.jpg,kemendikbud,"['Pendidikan', 'Kemendikbud', 'CPNS']"
"CPNS 2019 di Kemendikbud, Ada 1.891 Formasi untuk Dosen",http://www.kompas.com/tren/read/2019/11/21/072044365/cpns-2019-di-kemendikbud-ada-1891-formasi-untuk-dosen,https://asset.kompas.com/crops/gy79x9WqrhCMz_33tYexsEDERmU=/0x34:960x674/230x153/data/photo/2019/11/21/5dd5d94b17dca.jpg,kemendikbud,"['Pendidikan', 'Kemendikbud', 'CPNS']"
"Kalau KTP Hilang, Apa Dokumen Penggantinya untuk Lengkapi Berkas CPNS 2019?",http://www.kompas.com/tren/read/2019/11/21/080120965/kalau-ktp-hilang-apa-dokumen-penggantinya-untuk-lengkapi-berkas-cpns-2019,https://asset.kompas.com/crops/35733O63uI9W5pXvlG_KCJbiOMQ=/65x0:910x563/230x153/data/photo/2019/11/21/5dd5de4dd128f.jpg,kemendikbud,"['Pendidikan', 'Kemendikbud', 'CPNS']"
"Faktor Rekonsiliasi Data, Pengumuman CPNS Kemendikbud Diundur",http://money.kompas.com/read/2019/11/19/184100526/faktor-rekonsiliasi-data-pengumuman-cpns-kemendikbud-diundur,https://asset.kompas.com/crops/KBp5imnLuhuxLhRh5JsLitLXwuo=/0x0:1280x853/230x153/data/photo/2019/11/18/5dd238161bd09.jpg,kemendikbud,"['Pendidikan', 'Kemendikbud', 'CPNS']"
"Cara Daftar CPNS 2023 yang Dibuka Hari Ini, Bisa Cek Gaji kalau Lolos",https://finance.detik.com/cpns/d-6940564/cara-daftar-cpns-2023-yang-dibuka-hari-ini-bisa-cek-gaji-kalau-lolos,https://akcdn.detik.net.id/community/media/visual/2023/08/10/ilustrasi-tes-cpns_43.jpeg?w=250&q=,kemendikbud,"['Pendidikan', 'Kemendikbud', 'CPNS']"
Daftar Lowongan CPNS yang Bakal Dibuka Juni 2023,https://finance.detik.com/cpns/d-6539135/daftar-lowongan-cpns-yang-bakal-dibuka-juni-2023,https://akcdn.detik.net.id/community/media/visual/2021/11/15/materi-pokok-skb-cpns-2021-apa-saja-ini-link-downloadnya_43.jpeg?w=250&q=,kemendikbud,"['Pendidikan', 'Kemendikbud', 'CPNS']"
"Makin Banyak Lowongan CPNS 2023, Formasi Dibuka Apa Saja?",https://www.cnbcindonesia.com/news/20230206071518-4-411178/makin-banyak-lowongan-cpns-2023-formasi-dibuka-apa-saja,https://awsimages.detik.net.id/visual/2021/09/02/seleksi-kompetensi-dasar-skd-bagi-calon-pegawai-negeri-sipil-cpns_43.jpeg?w=152&q=90,kemendikbud,"['Pendidikan', 'Kemendikbud', 'CPNS']"
Kisi-kisi Tes CPNS yang Dibuka Juni 2023,https://finance.detik.com/cpns/d-6539421/kisi-kisi-tes-cpns-yang-dibuka-juni-2023,https://akcdn.detik.net.id/community/media/visual/2021/11/23/skb-cpns-1_43.jpeg?w=250&q=,kemendikbud,"['Pendidikan', 'Kemendikbud', 'CPNS']"
Perhatian! Mas Nadiem Buka Lowongan CPNS untuk 10.447 Orang,https://www.cnbcindonesia.com/news/20210706181918-4-258769/perhatian-mas-nadiem-buka-lowongan-cpns-untuk-10447-orang,https://awsimages.detik.net.id/visual/2021/06/15/bincang-bersama-presiden-jokowi-dalam-rangka-festival-kampus-merdeka-jakarta-selasa-1562021-tangkapan-layar-setres-ri-7_43.png?w=152&q=90,kemendikbud,"['Pendidikan', 'Kemendikbud', 'CPNS']"
"Seleksi CASN 2023 Pasti Dibuka, Cek Ini Bocorannya",https://finance.detik.com/cpns/d-6533721/seleksi-casn-2023-pasti-dibuka-cek-ini-bocorannya,https://akcdn.detik.net.id/community/media/visual/2021/11/23/skb-cpns-1_43.jpeg?w=250&q=,kemendikbud,"['Pendidikan', 'Kemendikbud', 'CPNS']"
Biar Tak Salah! Simak Bedanya Seleksi CPNS dan CPPPK,https://www.cnbcindonesia.com/news/20210630152944-4-257119/biar-tak-salah-simak-bedanya-seleksi-cpns-dan-cpppk,https://awsimages.detik.net.id/visual/2021/03/08/cover-topik-test-cpnsdalam_43.png?w=152&q=90,kemendikbud,"['Pendidikan', 'Kemendikbud', 'CPNS']"
Lowongan CPNS 2021: Ini Instansi yang Masih Sepi Peminat,https://www.cnbcindonesia.com/news/20210715221247-4-261307/lowongan-cpns-2021-ini-instansi-yang-masih-sepi-peminat,https://awsimages.detik.net.id/visual/2020/09/01/tes-cpns-di-tengah-pandemi-cnbc-indonesia-andrean-kristianto-26_43.jpeg?w=152&q=90,kemendikbud,"['Pendidikan', 'Kemendikbud', 'CPNS']"
ASN,https://finance.detik.com/kamus/asn-d-6998077,https://akcdn.detik.net.id/community/media/visual/2023/02/03/ilustrasi-pegawai-asn_43.jpeg?w=250&q=,kemendikbud,"['Pendidikan', 'Kemendikbud', 'CPNS']"
"NIK Tak Muncul dan Pertanyaan Seputar CPNS 2021, Simak!",https://www.cnbcindonesia.com/news/20210713204357-4-260603/nik-tak-muncul-dan-pertanyaan-seputar-cpns-2021-simak,https://awsimages.detik.net.id/visual/2020/09/01/tes-cpns-di-tengah-pandemi-cnbc-indonesia-andrean-kristianto-26_43.jpeg?w=152&q=90,kemendikbud,"['Pendidikan', 'Kemendikbud', 'CPNS']"
"Lulusan SMK hingga S1, Ini Jadwal Lengkap Seleksi CPNS Kemendikbud 2019",http://edukasi.kompas.com/read/2019/11/14/11314841/lulusan-smk-hingga-s1-ini-jadwal-lengkap-seleksi-cpns-kemendikbud-2019,https://asset.kompas.com/crops/Fz21sWyJ5bX3H6c1s-LDq7oZRW8=/16x0:433x278/230x153/data/photo/2019/11/14/5dccd6f6a97ea.png,kemendikbud,"['Pendidikan', 'Kemendikbud', 'CPNS']"
Mau Jadi CPNS & PPPK? Kementerian Ini Masih Sepi Peminat Loh,https://www.cnbcindonesia.com/news/20230927105536-4-475912/mau-jadi-cpns-pppk-kementerian-ini-masih-sepi-peminat-loh,https://awsimages.detik.net.id/visual/2018/10/26/a9958a91-ebcd-4d7a-8ddb-289eb05b92c8_43.jpeg?w=152&q=90,kemendikbud,"['Pendidikan', 'Kemendikbud', 'CPNS']"
"UPDATE Formasi CPNS-PPPK IKN, Kemenag, Kemenhub, Kemenkes, Kemendikbud, dan Bawaslu 2024",http://www.kompas.com/tren/read/2024/04/19/160000265/update-formasi-cpns-pppk-ikn-kemenag-kemenhub-kemenkes-kemendikbud-dan,https://asset.kompas.com/crops/TP3MGdB0cYIafLT-bYz-tq3WrgE=/83x0:926x562/490x326/data/photo/2023/09/11/64fe8285acaaa.jpg,kemendikbud,"['Pendidikan', 'Kemendikbud', 'CPNS']"
Simak! Info Penting Kemendikbud Ristek Buat CPPPK Guru,https://www.cnbcindonesia.com/news/20210727081105-4-263863/simak-info-penting-kemendikbud-ristek-buat-cpppk-guru,https://awsimages.detik.net.id/visual/2021/02/10/infografisastagaada-13-juta-lowongan-cpns-di-202iaristya-rahadian_43.png?w=152&q=90,kemendikbud,"['Pendidikan', 'Kemendikbud', 'CPNS']"
Siap-siap dari Sekarang! Seleksi CPNS Dibuka Juni 2023,https://finance.detik.com/cpns/d-6538606/siap-siap-dari-sekarang-seleksi-cpns-dibuka-juni-2023,https://akcdn.detik.net.id/community/media/visual/2021/11/15/kejaksaan-cpns-2021-pengumuman-peserta-jadwal-pelaksanaan-skb_43.jpeg?w=250&q=,kemendikbud,"['Pendidikan', 'Kemendikbud', 'CPNS']"
Duh! Tak Ada CPNS & PPPK 2023 Daftar di Instansi Ini,https://www.cnbcindonesia.com/news/20230929091023-4-476388/duh-tak-ada-cpns-pppk-2023-daftar-di-instansi-ini,https://awsimages.detik.net.id/visual/2018/10/05/5a1ebe23-eb17-439d-a08c-85718de1eb78_43.jpeg?w=152&q=90,kemendikbud,"['Pendidikan', 'Kemendikbud', 'CPNS']"
Ikut Lowongan CPNS? Simak Dulu Gaji PNS & PPPK Nih...,https://www.cnbcindonesia.com/news/20210323134137-4-232211/ikut-lowongan-cpns-simak-dulu-gaji-pns-pppk-nih,https://awsimages.detik.net.id/visual/2021/03/08/cover-topik-test-cpnsdalam_43.png?w=152&q=90,kemendikbud,"['Pendidikan', 'Kemendikbud', 'CPNS']"
"Kemendikbudristek Buka 40.541 Lowongan CPNS dan PPPK, Ini Rinciannya",https://finance.detik.com/cpns/d-7273960/kemendikbudristek-buka-40-541-lowongan-cpns-dan-pppk-ini-rinciannya,https://akcdn.detik.net.id/community/media/visual/2023/02/03/ilustrasi-pegawai-asn_43.jpeg?w=250&q=,kemendikbud,"['Pendidikan', 'Kemendikbud', 'CPNS']"
"Sekolah Kedinasan IPDN Buka 534 Formasi Praja Baru, Yuk Daftar",https://www.detik.com/edu/seleksi-masuk-pt/d-6646236/sekolah-kedinasan-ipdn-buka-534-formasi-praja-baru-yuk-daftar,https://akcdn.detik.net.id/community/media/visual/2019/08/06/3914de47-f955-4b1d-91f3-dccb0e190c77_43.jpeg?w=250&q=,kemendagri,"['Dalam Negeri', 'Kemendagri', 'CPNS']"
"Link Pengumuman Hasil Akhir Pascasanggah CPNS BKN, Kemendagri, Kemenpan-RB",http://www.kompas.com/tren/read/2022/01/06/103000065/link-pengumuman-hasil-akhir-pascasanggah-cpns-bkn-kemendagri-kemenpan-rb,https://asset.kompas.com/crops/s8ecb_2Gmo1oquq9K_y9fDZWArs=/187x0:1200x675/230x153/data/photo/2021/11/16/61938bfc137fc.jpg,kemendagri,"['Dalam Negeri', 'Kemendagri', 'CPNS']"
10 Sekolah Kedinasan Paling Populer di Indonesia,https://www.detik.com/bali/berita/d-6475670/10-sekolah-kedinasan-paling-populer-di-indonesia,https://akcdn.detik.net.id/community/media/visual/2022/06/12/ilustrasi-tes-skd-sekolah-kedinasan_43.jpeg?w=250&q=,kemendagri,"['Dalam Negeri', 'Kemendagri', 'CPNS']"
"3 Sekolah Kedinasan Jurusan IPS, Bisa jadi CPNS dan Bebas Biaya Kuliah",https://www.detik.com/edu/perguruan-tinggi/d-5981466/3-sekolah-kedinasan-jurusan-ips-bisa-jadi-cpns-dan-bebas-biaya-kuliah,https://akcdn.detik.net.id/community/media/visual/2021/04/06/pkn-stan_43.jpeg?w=250&q=,kemendagri,"['Dalam Negeri', 'Kemendagri', 'CPNS']"
"Tenang, Formasi Guru Dalam Seleksi CPNS Tetap Ada",https://www.cnbcindonesia.com/news/20210118130347-4-216806/tenang-formasi-guru-dalam-seleksi-cpns-tetap-ada,https://awsimages.detik.net.id/visual/2018/08/09/169963a8-b2fa-475e-8d1a-2b9b4e49de05_43.jpeg?w=152&q=90,kemendagri,"['Dalam Negeri', 'Kemendagri', 'CPNS']"
Ini Syarat dan Jadwal Pendaftaran Sekolah Kedinasan 2024,https://www.detik.com/jabar/berita/d-7309247/ini-syarat-dan-jadwal-pendaftaran-sekolah-kedinasan-2024,https://akcdn.detik.net.id/community/media/visual/2024/01/18/para-taruna-stpn-sekolah-kedinasan-di-bawah-naungan-kementerian-agraria-dan-tata-ruangbadan-pertanahan-nasional-bpn_43.jpeg?w=250&q=,kemendagri,"['Dalam Negeri', 'Kemendagri', 'CPNS']"
19 Kementerian dan Lembaga Buka Formasi CPNS dan PPPK 2023,https://www.detik.com/jogja/bisnis/d-6941311/19-kementerian-dan-lembaga-buka-formasi-cpns-dan-pppk-2023,https://akcdn.detik.net.id/community/media/visual/2023/08/10/ilustrasi-tes-cpns_43.jpeg?w=250&q=,kemendagri,"['Dalam Negeri', 'Kemendagri', 'CPNS']"
"Rekomendasi Sekolah Kedinasan buat Anak IPS, Kuliah Gratis dan Jadi CPNS",https://www.detik.com/edu/seleksi-masuk-pt/d-6576503/rekomendasi-sekolah-kedinasan-buat-anak-ips-kuliah-gratis-dan-jadi-cpns,https://akcdn.detik.net.id/community/media/visual/2022/04/08/kampus-pkn-stan_43.jpeg?w=250&q=,kemendagri,"['Dalam Negeri', 'Kemendagri', 'CPNS']"
"Kemendagri Buka Puluhan Formasi CPNS 2023, Simak Syarat dan Cara Daftarnya!",http://www.kompas.com/tren/read/2023/09/18/210000165/kemendagri-buka-puluhan-formasi-cpns-2023-simak-syarat-dan-cara-daftarnya-,https://asset.kompas.com/crops/zS59qLA3AFvAeECjmzVkYPHDql4=/100x0:880x520/230x153/data/photo/2023/09/18/650813d6f2ae5.png,kemendagri,"['Dalam Negeri', 'Kemendagri', 'CPNS']"
Farhat Abbas: Saya Mewakili Nia Daniaty Minta Maaf atas Ulah Olivia,https://news.detik.com/berita/d-5814354/farhat-abbas-saya-mewakili-nia-daniaty-minta-maaf-atas-ulah-olivia,https://akcdn.detik.net.id/community/media/visual/2021/11/16/farhat-abbas-di-polda-metro-jaya-1_43.jpeg?w=250&q=,kemendagri,"['Dalam Negeri', 'Kemendagri', 'CPNS']"
"Soal Dugaan 97.000 PNS 'Hantu', Ini Hasil Penyelidikan BPKP!",https://www.cnbcindonesia.com/news/20210708194944-4-259431/soal-dugaan-97000-pns-hantu-ini-hasil-penyelidikan-bpkp,https://awsimages.detik.net.id/visual/2020/08/10/hore-gaji-ke-13-pns-cair-hari-ini_43.png?w=152&q=90,kemendagri,"['Dalam Negeri', 'Kemendagri', 'CPNS']"
"Daftar Sekolah Kedinasan buat Jurusan IPS, Lulus Bisa Diangkat Jadi CPNS",https://www.detik.com/edu/perguruan-tinggi/d-5990900/daftar-sekolah-kedinasan-buat-jurusan-ips-lulus-bisa-diangkat-jadi-cpns,https://akcdn.detik.net.id/community/media/visual/2021/04/06/pkn-stan_43.jpeg?w=250&q=,kemendagri,"['Dalam Negeri', 'Kemendagri', 'CPNS']"
P2G : Ada Indikasi Kuat Lowongan Guru PNS Tahun 2022 Tak Dibuka,https://www.detik.com/edu/sekolah/d-5688702/p2g-ada-indikasi-kuat-lowongan-guru-pns-tahun-2022-tak-dibuka,https://akcdn.detik.net.id/community/media/visual/2021/04/01/infografis-cara-dan-syarat-daftar-cpns-2021-1_43.jpeg?w=250&q=,kemendagri,"['Dalam Negeri', 'Kemendagri', 'CPNS']"
Kabar Buruk Bagi Pencari Kerja: Rekrutmen CPNS Akan Dibatasi!,https://www.cnbcindonesia.com/news/20200729130724-4-176237/kabar-buruk-bagi-pencari-kerja-rekrutmen-cpns-akan-dibatasi,https://awsimages.detik.net.id/visual/2018/08/17/1633dc04-d1c2-422f-aea4-b4c4a0ae2b61_43.jpeg?w=152&q=90,kemendagri,"['Dalam Negeri', 'Kemendagri', 'CPNS']"
"Pengumuman Hasil Seleksi Administrasi CPNS dan PPPK 2023, Cek Sekarang!",https://www.detik.com/bali/berita/d-6987536/pengumuman-hasil-seleksi-administrasi-cpns-dan-pppk-2023-cek-sekarang,https://akcdn.detik.net.id/community/media/visual/2023/02/03/ilustrasi-pegawai-asn_43.jpeg?w=250&q=,kemendagri,"['Dalam Negeri', 'Kemendagri', 'CPNS']"
"Formasi CPNS Kemendagri 2023, Simak Jadwal dan Syarat Pendaftarannya",https://www.detik.com/bali/berita/d-6940242/formasi-cpns-kemendagri-2023-simak-jadwal-dan-syarat-pendaftarannya,https://akcdn.detik.net.id/community/media/visual/2023/08/10/ilustrasi-tes-cpns_43.jpeg?w=250&q=,kemendagri,"['Dalam Negeri', 'Kemendagri', 'CPNS']"
Mau Jadi PNS? Ini Tiga Cara yang Bisa Ditempuh,https://www.detik.com/jabar/berita/d-7302368/mau-jadi-pns-ini-tiga-cara-yang-bisa-ditempuh,https://akcdn.detik.net.id/community/media/visual/2023/02/23/ilustrasi-pns_43.jpeg?w=250&q=,kemendagri,"['Dalam Negeri', 'Kemendagri', 'CPNS']"
"Lowongan CPNS dan PPPK Kemendagri 2023: Jumlah Formasi, Link, Syarat, dan Cara Daftarnya",http://www.kompas.com/tren/read/2023/09/24/163000465/lowongan-cpns-dan-pppk-kemendagri-2023--jumlah-formasi-link-syarat-dan-cara,https://asset.kompas.com/crops/nbUxtJrFQhzpgk7oNCQw0iEJgAs=/0x10:589x403/490x326/data/photo/2023/09/24/650fd6694c10e.jpeg,kemendagri,"['Dalam Negeri', 'Kemendagri', 'CPNS']"
"Kemendagri Buka Lowongan CPNS Dosen, Cek Syarat dan Cara Daftarnya!",https://www.detik.com/edu/perguruan-tinggi/d-6948800/kemendagri-buka-lowongan-cpns-dosen-cek-syarat-dan-cara-daftarnya,https://akcdn.detik.net.id/community/media/visual/2022/01/20/pemerintah-kota-cimahi-tidak-akan-menerima-calon-pegawai-negeri-sipil-pada-tahun-2022_43.jpeg?w=250&q=,kemendagri,"['Dalam Negeri', 'Kemendagri', 'CPNS']"
5 Cara Cek NIK KTP Secara Online Tak Perlu ke Kantor Dukcapil,https://www.cnbcindonesia.com/tech/20220311134857-37-322027/5-cara-cek-nik-ktp-secara-online-tak-perlu-ke-kantor-dukcapil,https://awsimages.detik.net.id/visual/2021/03/08/servis-ktp-cnbc-indonesiaandrean-kristianto-12_43.jpeg?w=152&q=90,kemendagri,"['Dalam Negeri', 'Kemendagri', 'CPNS']"
Pendaftaran CPNS 2023 Dibuka: Ini Link Formasi-Jadwal Terbaru,https://www.cnbcindonesia.com/tech/20230920072754-37-473909/pendaftaran-cpns-2023-dibuka-ini-link-formasi-jadwal-terbaru,https://awsimages.detik.net.id/visual/2023/08/29/lengkap-formasi-syarat-cara-daftar-cpns-pppk-2023-1_43.jpeg?w=152&q=90,kemendagri,"['Dalam Negeri', 'Kemendagri', 'CPNS']"
"Usai Tolak Tawaran P3K, Honorer K2 Klaten Bawa Bukti Baru ke Pemkab",https://www.detik.com/jateng/berita/d-6852761/usai-tolak-tawaran-p3k-honorer-k2-klaten-bawa-bukti-baru-ke-pemkab,https://akcdn.detik.net.id/community/media/visual/2023/08/01/honorer-k2-klaten-mendatangi-kantor-bkpsdm-pemkab-klaten-selasa-182023_43.jpeg?w=250&q=,kemendagri,"['Dalam Negeri', 'Kemendagri', 'CPNS']"
"10 Sekolah Kedinasan Favorit Bisa Langsung Jadi CPNS, Apa Saja?",https://www.detik.com/edu/perguruan-tinggi/d-5854053/10-sekolah-kedinasan-favorit-bisa-langsung-jadi-cpns-apa-saja,https://akcdn.detik.net.id/community/media/visual/2021/04/06/logo-stan_43.jpeg?w=250&q=,kemendagri,"['Dalam Negeri', 'Kemendagri', 'CPNS']"
"Pendaftaran Sekolah Kedinasan 2024: Jadwal, Persyaratan, hingga Tata Caranya",https://www.detik.com/sulsel/berita/d-7350305/pendaftaran-sekolah-kedinasan-2024-jadwal-persyaratan-hingga-tata-caranya,https://akcdn.detik.net.id/community/media/visual/2024/05/14/pendaftaran-sekolah-kedinasan-2024_43.jpeg?w=250&q=,kemendagri,"['Dalam Negeri', 'Kemendagri', 'CPNS']"
Sekolah Kedinasan Ini Bisa Dilamar Siswa Jurusan IPS,https://www.detik.com/edu/seleksi-masuk-pt/d-7237677/sekolah-kedinasan-ini-bisa-dilamar-siswa-jurusan-ips,https://akcdn.detik.net.id/community/media/visual/2022/03/26/pendaftaran-sekolah-kedinasan-2022_43.jpeg?w=250&q=,kemendagri,"['Dalam Negeri', 'Kemendagri', 'CPNS']"
"Sekolah Kedinasan Dibuka, Lulus Bakal Langsung Jadi CPNS",https://www.cnbcindonesia.com/news/20230531123435-4-442142/sekolah-kedinasan-dibuka-lulus-bakal-langsung-jadi-cpns,https://awsimages.detik.net.id/visual/2021/10/21/skd-cpns-kemenkumham-jatim-bernuansa-squid-game-dok-kemenkumham-jatim-6_43.jpeg?w=152&q=90,kemendagri,"['Dalam Negeri', 'Kemendagri', 'CPNS']"
"Cara Daftar CPNS 2023 yang Dibuka Hari Ini, Bisa Cek Gaji kalau Lolos",https://finance.detik.com/cpns/d-6940564/cara-daftar-cpns-2023-yang-dibuka-hari-ini-bisa-cek-gaji-kalau-lolos,https://akcdn.detik.net.id/community/media/visual/2023/08/10/ilustrasi-tes-cpns_43.jpeg?w=250&q=,kemendagri,"['Dalam Negeri', 'Kemendagri', 'CPNS']"
Farhat Abbas Singgung Nia Daniaty Minta Maaf soal Kasus Olivia Nathania,https://hot.detik.com/celeb/d-5814239/farhat-abbas-singgung-nia-daniaty-minta-maaf-soal-kasus-olivia-nathania,https://akcdn.detik.net.id/community/media/visual/2019/08/07/3e707245-0fb9-429d-8436-4c10454bc629_43.jpeg?w=250&q=,kemendagri,"['Dalam Negeri', 'Kemendagri', 'CPNS']"
Cek Pengumuman Akhir CPNS 2021 Kominfo hingga Kementan di Sini!,https://finance.detik.com/cpns/d-5873936/cek-pengumuman-akhir-cpns-2021-kominfo-hingga-kementan-di-sini,https://akcdn.detik.net.id/community/media/visual/2021/11/19/cpns-kemenkumham_43.jpeg?w=250&q=,kemendagri,"['Dalam Negeri', 'Kemendagri', 'CPNS']"
CASN 2023: Loker CPNS di 7 Instansi Ini Tak Syaratkan TOEFL,https://www.cnbcindonesia.com/news/20230925093410-4-475196/casn-2023-loker-cpns-di-7-instansi-ini-tak-syaratkan-toefl,https://awsimages.detik.net.id/visual/2023/09/25/seorang-pria-mencoba-untuk-masuk-ke-situs-sscasn-2023_43.jpeg?w=152&q=90,kemendagri,"['Dalam Negeri', 'Kemendagri', 'CPNS']"
"UPDATE Formasi CPNS-PPPK IKN, Kemenag, Kemenhub, Kemenkes, Kemendikbud, dan Bawaslu 2024",http://www.kompas.com/tren/read/2024/04/19/160000265/update-formasi-cpns-pppk-ikn-kemenag-kemenhub-kemenkes-kemendikbud-dan,https://asset.kompas.com/crops/TP3MGdB0cYIafLT-bYz-tq3WrgE=/83x0:926x562/490x326/data/photo/2023/09/11/64fe8285acaaa.jpg,kemenag,"['Agama', 'Kemenag', 'CPNS']"
Cek Nih! Ada Jalur Khusus Atlet dan Lulusan SMA di BIN,https://www.cnbcindonesia.com/news/20230925061445-4-475128/cek-nih-ada-jalur-khusus-atlet-dan-lulusan-sma-di-bin,https://awsimages.detik.net.id/visual/2022/02/14/logo-badan-intelijen-negara-istbin_43.jpeg?w=152&q=90,kemenag,"['Agama', 'Kemenag', 'CPNS']"
"Cara Daftar CPNS 2023 yang Dibuka Hari Ini, Bisa Cek Gaji kalau Lolos",https://finance.detik.com/cpns/d-6940564/cara-daftar-cpns-2023-yang-dibuka-hari-ini-bisa-cek-gaji-kalau-lolos,https://akcdn.detik.net.id/community/media/visual/2023/08/10/ilustrasi-tes-cpns_43.jpeg?w=250&q=,kemenag,"['Agama', 'Kemenag', 'CPNS']"
Menteri PAN-RB: Reformulasi PPPK Teknis Bantu Nasib Honorer,https://www.cnbcindonesia.com/news/20230804153530-4-460305/menteri-pan-rb-reformulasi-pppk-teknis-bantu-nasib-honorer,https://awsimages.detik.net.id/visual/2023/05/17/menpan-rb-abdullah-azwar-anas-tangkapan-layar-youtube-4_43.png?w=152&q=90,kemenag,"['Agama', 'Kemenag', 'CPNS']"
Selamat! 1.361 Orang Lulus Tes CPNS Kemenag,https://www.cnbcindonesia.com/news/20211228113642-4-302612/selamat-1361-orang-lulus-tes-cpns-kemenag,https://awsimages.detik.net.id/visual/2020/01/27/d015bd7b-267d-40db-9d61-5f7068243d3f_43.jpeg?w=152&q=90,kemenag,"['Agama', 'Kemenag', 'CPNS']"
"Sempat Pingsan, Peserta Seleksi CPNS Kemenag Sulsel Keukeuh Ikut Ujian",http://regional.kompas.com/read/2020/03/06/22534101/sempat-pingsan-peserta-seleksi-cpns-kemenag-sulsel-keukeuh-ikut-ujian,https://asset.kompas.com/crops/Vxo-rct2Mw8GQrl6nm57l_JKH6M=/0x0:0x0/230x153/data/photo/2020/03/06/5e625b213cc16.jpg,kemenag,"['Agama', 'Kemenag', 'CPNS']"
Update SKB CPNS Kemenag: Peserta Diminta Unggah Sejumlah Dokumen Ini,http://www.kompas.com/tren/read/2020/08/24/175159365/update-skb-cpns-kemenag-peserta-diminta-unggah-sejumlah-dokumen-ini,https://asset.kompas.com/crops/4DSBKDrYGRAVZpATJsG2X9nyAlg=/206x0:1383x784/230x153/data/photo/2020/08/24/5f4396711beaa.png,kemenag,"['Agama', 'Kemenag', 'CPNS']"
"Hasil SKD CPNS Kemenag Diumumkan, Simak Informasi Lengkapnya",http://www.kompas.com/tren/read/2020/03/24/090004965/hasil-skd-cpns-kemenag-diumumkan-simak-informasi-lengkapnya,https://asset.kompas.com/crops/GWIPRERkaE5NUS4LZAEKgXB4EmE=/0x2:702x470/230x153/data/photo/2020/03/24/5e79602f154cd.png,kemenag,"['Agama', 'Kemenag', 'CPNS']"
"Dibuka Ribuan Lowongan Kerja Buat Jadi Penghulu, Siapa Berminat?",https://www.cnbcindonesia.com/news/20240402075624-4-527336/dibuka-ribuan-lowongan-kerja-buat-jadi-penghulu-siapa-berminat,https://awsimages.detik.net.id/visual/2021/02/10/infografissyukurlahada-13-juta-lowongan-cpns-di-2021aristya-rahadian_43.png?w=152&q=90,kemenag,"['Agama', 'Kemenag', 'CPNS']"
Rekor Terbesar dalam Sejarah! Kemenag Buka 110.553 Lowongan CPNS dan PPPK,https://finance.detik.com/cpns/d-7272602/rekor-terbesar-dalam-sejarah-kemenag-buka-110-553-lowongan-cpns-dan-pppk,https://akcdn.detik.net.id/community/media/visual/2022/01/20/pemerintah-kota-cimahi-tidak-akan-menerima-calon-pegawai-negeri-sipil-pada-tahun-2022_43.jpeg?w=250&q=,kemenag,"['Agama', 'Kemenag', 'CPNS']"
CASN 2024: Kemenag Buka Lowongan 110.553 Formasi CPNS & PPPK,https://www.cnbcindonesia.com/news/20240401214303-4-527276/casn-2024-kemenag-buka-lowongan-110553-formasi-cpns-pppk,https://awsimages.detik.net.id/visual/2020/04/23/e1cd926c-3c64-4889-9231-c39bc9be2716_43.jpeg?w=152&q=90,kemenag,"['Agama', 'Kemenag', 'CPNS']"
Formasi Penerimaan PPPK di Kemenag Tahun 2023 Ditetapkan Jadi 38.287,https://finance.detik.com/berita-ekonomi-bisnis/d-6858705/formasi-penerimaan-pppk-di-kemenag-tahun-2023-ditetapkan-jadi-38-287,https://akcdn.detik.net.id/community/media/visual/2023/08/04/menag-dan-menpan-rb_43.jpeg?w=250&q=,kemenag,"['Agama', 'Kemenag', 'CPNS']"
Kapan Seleksi CPNS 2024 Dibuka? Ini Bocoran dari BKN,https://finance.detik.com/cpns/d-7303416/kapan-seleksi-cpns-2024-dibuka-ini-bocoran-dari-bkn,https://akcdn.detik.net.id/community/media/visual/2022/01/20/pemerintah-kota-cimahi-tidak-akan-menerima-calon-pegawai-negeri-sipil-pada-tahun-2022_43.jpeg?w=250&q=,kemenag,"['Agama', 'Kemenag', 'CPNS']"
"Nih Daftar Formasi CPNS & PPPK di Kementerian, Kemenag Buka Paling Banyak!",https://finance.detik.com/cpns/d-7302820/nih-daftar-formasi-cpns-pppk-di-kementerian-kemenag-buka-paling-banyak,https://akcdn.detik.net.id/community/media/visual/2023/08/10/ilustrasi-tes-cpns_43.jpeg?w=250&q=,kemenag,"['Agama', 'Kemenag', 'CPNS']"
"Kemenag Buka 4 Ribu Formasi CPNS 2023, Ini Syarat dan Jadwalnya",https://finance.detik.com/cpns/d-6934480/kemenag-buka-4-ribu-formasi-cpns-2023-ini-syarat-dan-jadwalnya,https://akcdn.detik.net.id/community/media/visual/2023/08/10/ilustrasi-tes-cpns_43.jpeg?w=250&q=,kemenag,"['Agama', 'Kemenag', 'CPNS']"
Terbaru! Formasi CPNS & PPPK 2024 di 7 Kementerian,https://www.cnbcindonesia.com/news/20240425060824-4-533212/terbaru-formasi-cpns-pppk-2024-di-7-kementerian,https://awsimages.detik.net.id/visual/2023/11/09/peserta-mengikuti-pelaksanaan-skdseleksi-kompetensi-casn-2023-di-kantor-badan-kepegawaian-negara-bkn-pusat-jakarta-kamis-91120_43.jpeg?w=152&q=90,kemenag,"['Agama', 'Kemenag', 'CPNS']"
Selamat! Warga Kalimantan Timur Dapat Jatah PNS di IKN,https://www.cnbcindonesia.com/news/20240418143510-4-531371/selamat-warga-kalimantan-timur-dapat-jatah-pns-di-ikn,https://awsimages.detik.net.id/visual/2023/11/14/pns-ingat-3-bulan-kinerja-buruk-bisa-langsung-dimutasi_43.jpeg?w=152&q=90,kemenag,"['Agama', 'Kemenag', 'CPNS']"
"Kemenag Buka 1.361 Formasi CPNS, Ini Informasi Lengkapnya!",https://www.cnbcindonesia.com/news/20210707093647-4-258891/kemenag-buka-1361-formasi-cpns-ini-informasi-lengkapnya,https://awsimages.detik.net.id/visual/2020/04/23/e1cd926c-3c64-4889-9231-c39bc9be2716_43.jpeg?w=152&q=90,kemenag,"['Agama', 'Kemenag', 'CPNS']"
Terbaru! 24 Instansi & 12 Pemda Buka Lowongan CASN Hari Ini,https://www.cnbcindonesia.com/news/20230920100548-4-473960/terbaru-24-instansi-12-pemda-buka-lowongan-casn-hari-ini,https://awsimages.detik.net.id/visual/2021/03/08/cover-topik-test-cpnsdalam_43.png?w=152&q=90,kemenag,"['Agama', 'Kemenag', 'CPNS']"
Link Jadwal dan Lokasi Tes SKD CPNS 2019 Kemenag di 34 Provinsi,http://www.kompas.com/tren/read/2020/02/27/063000065/link-jadwal-dan-lokasi-tes-skd-cpns-2019-kemenag-di-34-provinsi,https://asset.kompas.com/crops/WBC8MNZS2Wzq5qMa5TBfQf0qEzs=/2x0:602x400/230x153/data/photo/2019/02/19/4129366184.jpg,kemenag,"['Agama', 'Kemenag', 'CPNS']"
"Resmi, Ini Formasi CPNS-PPPK Kemenag, Kemendikbud Ristek, dan Kemenkes 2024",http://www.kompas.com/tren/read/2024/04/02/113000965/resmi-ini-formasi-cpns-pppk-kemenag-kemendikbud-ristek-dan-kemenkes-2024,https://asset.kompas.com/crops/QNQVYZX3LVHck_fzFemsIHctQQ0=/45x0:1392x898/230x153/data/photo/2024/02/13/65cb56dbaddcc.jpg,kemenag,"['Agama', 'Kemenag', 'CPNS']"
CASN Kemenag 2023: Syarat Khusus Hafal Al-Quran 30 Juz,https://www.cnbcindonesia.com/news/20230925062125-4-475130/casn-kemenag-2023-syarat-khusus-hafal-al-quran-30-juz,https://awsimages.detik.net.id/visual/2020/04/23/e1cd926c-3c64-4889-9231-c39bc9be2716_43.jpeg?w=152&q=90,kemenag,"['Agama', 'Kemenag', 'CPNS']"
"Kemenag Buka 110.553 Formasi CPNS & PPPK, buat Posisi Apa Saja?",https://finance.detik.com/cpns/d-7302881/kemenag-buka-110-553-formasi-cpns-pppk-buat-posisi-apa-saja,https://akcdn.detik.net.id/community/media/visual/2023/02/23/ilustrasi-pns-1_43.jpeg?w=250&q=,kemenag,"['Agama', 'Kemenag', 'CPNS']"
"7 Lembaga Ini Buka Formasi Jumbo CPNS, Cek Cara Daftarnya",https://www.cnbcindonesia.com/news/20240513092412-4-537502/7-lembaga-ini-buka-formasi-jumbo-cpns-cek-cara-daftarnya,https://awsimages.detik.net.id/visual/2024/04/02/menteri-panrb-abdullah-azwar-anas-menghimbau-untuk-semua-asn-tidak-menggunakan-kendaraan-dinas-untuk-mudik_43.png?w=152&q=90,kemenag,"['Agama', 'Kemenag', 'CPNS']"
Formasi Lengkap 1 Juta Lowongan ASN yang Dibuka Tahun Ini,https://finance.detik.com/cpns/d-6156491/formasi-lengkap-1-juta-lowongan-asn-yang-dibuka-tahun-ini,https://akcdn.detik.net.id/community/media/visual/2020/09/22/tes-cpns-di-surabaya_43.jpeg?w=250&q=,kemenag,"['Agama', 'Kemenag', 'CPNS']"
Siap-siap! Seleksi Petugas Haji 2023 Gunakan Sistem Tes CPNS,https://www.cnbcindonesia.com/news/20230126070541-4-408292/siap-siap-seleksi-petugas-haji-2023-gunakan-sistem-tes-cpns,https://awsimages.detik.net.id/visual/2022/07/02/ibadah-haji-mengelilingi-kabah-dan-berdoa-di-masjidil-haram-di-kota-suci-mekkah-arab-saudi-9_43.jpeg?w=152&q=90,kemenag,"['Agama', 'Kemenag', 'CPNS']"
"Catat! Ini Syarat, Jadwal, Formasi dan Link Pendaftaran CPNS 2024",https://www.cnbcindonesia.com/tech/20240504173155-37-535759/catat-ini-syarat-jadwal-formasi-dan-link-pendaftaran-cpns-2024,https://awsimages.detik.net.id/visual/2023/08/29/lengkap-formasi-syarat-cara-daftar-cpns-pppk-2023-1_43.jpeg?w=152&q=90,kemenag,"['Agama', 'Kemenag', 'CPNS']"
Ini Link Daftar CPNS 2024: Jadwal-Formasi & Syaratnya,https://www.cnbcindonesia.com/tech/20240523070919-37-540701/ini-link-daftar-cpns-2024-jadwal-formasi-syaratnya,https://awsimages.detik.net.id/visual/2023/09/19/cpns-2023_43.png?w=152&q=90,kemenag,"['Agama', 'Kemenag', 'CPNS']"
"Link Pendaftaran CPNS, Formasi, Syarat, dan Jadwalnya",https://www.cnbcindonesia.com/tech/20240518081848-37-539227/link-pendaftaran-cpns-formasi-syarat-dan-jadwalnya,https://awsimages.detik.net.id/visual/2023/10/10/pendaftaran-cpns-diperpanjang-ini-5-instansi-sepi-peminat_43.jpeg?w=152&q=90,kemenag,"['Agama', 'Kemenag', 'CPNS']"
"Bismillah, Kemenag Buka 49.549 Lowongan PPPK",https://finance.detik.com/cpns/d-6476731/bismillah-kemenag-buka-49-549-lowongan-pppk,https://akcdn.detik.net.id/community/media/visual/2017/05/25/6d9f5b05-3063-47e2-9710-389798df7245_43.jpg?w=250&q=,kemenag,"['Agama', 'Kemenag', 'CPNS']"
