id_user,first_name,last_name,kesalahan_analogi_verbal,kesalahan_silogisme,kesalahan_analitis,kesalahan_berhitung,kesalahan_deret_angka,kesalahan_perbandingan_kuantitatif,kesalahan_soal_cerita,kesalahan_analogi_figural,kesalahan_ketidaksamaan,kesalahan_serial,kesalahan_nasionalisme,kesalahan_integritas,kesalahan_bela_negara,kesalahan_pilar_negara,kesalahan_bahasa_indonesia,skor_pelayanan_publik,skor_jejaring_kerja,skor_sosial_budaya,skor_tik,skor_profesionalisme,skor_anti_radikalisme,total_kesalahan_tiu,total_kesalahan_twk,total_skor_tkp,label_tiu,label_twk,label_tkp
1,Rina,Hidayat,1,3,2,0,0,2,4,0,0,4,4,0,5,4,0,35,21,4,19,35,13,16,13,127,Sedang,Tinggi,Rendah
2,Joko,Hidayat,2,1,3,1,2,1,0,0,3,1,3,3,1,6,2,28,32,16,13,24,35,14,15,148,Tinggi,Sedang,Rendah
3,Joko,Hidayat,0,1,1,3,0,0,2,2,4,4,3,6,0,3,4,2,4,10,6,22,14,17,16,58,Sedang,Sedang,Rendah
4,Rina,Hidayat,0,1,2,0,1,0,2,0,3,2,6,1,0,6,4,32,23,7,40,16,30,11,17,148,Tinggi,Sedang,Rendah
5,Siti,Lestari,1,1,2,0,2,0,2,1,3,1,2,4,6,5,0,27,24,24,22,15,28,13,17,140,Tinggi,Sedang,Rendah
6,Joko,Lestari,0,2,3,3,1,2,1,0,0,4,4,5,2,3,5,4,18,21,4,12,2,16,19,61,Sedang,Rendah,Rendah
7,Agus,Hidayat,1,0,1,0,2,2,4,1,2,3,2,1,3,5,4,7,4,6,31,36,38,16,15,122,Sedang,Sedang,Rendah
8,Rina,Santoso,3,1,3,2,1,2,3,4,4,3,0,0,6,6,5,27,16,4,24,9,14,26,17,94,Rendah,Sedang,Rendah
9,Lina,Santoso,2,2,3,2,0,0,1,1,0,3,2,4,3,1,4,9,32,19,26,17,2,14,14,105,Tinggi,Sedang,Rendah
10,Sari,Hidayat,2,1,2,0,1,0,3,0,1,3,1,4,4,6,6,12,33,6,28,3,16,13,21,98,Tinggi,Rendah,Rendah
11,Dewi,Lestari,3,2,1,2,3,1,2,3,0,0,2,2,1,6,0,26,13,30,24,12,9,17,11,114,Sedang,Tinggi,Rendah
12,Putra,Hidayat,0,3,0,1,2,3,4,0,0,0,1,2,3,4,4,31,23,33,25,29,35,13,14,176,Tinggi,Sedang,Sedang
13,Lina,Santoso,3,2,1,0,2,3,4,4,1,3,1,1,5,3,5,9,2,2,35,25,11,23,15,84,Rendah,Sedang,Rendah
14,Agus,Hidayat,3,1,0,2,3,3,3,4,0,3,6,3,3,4,5,34,12,13,20,33,21,22,21,133,Rendah,Rendah,Rendah
15,Putra,Santoso,1,0,1,3,1,2,1,3,4,0,3,2,2,4,3,2,14,29,19,32,14,16,14,110,Sedang,Sedang,Rendah
16,Joko,Lestari,0,0,1,1,0,2,1,4,2,2,0,2,5,5,2,35,12,13,32,16,36,13,14,144,Tinggi,Sedang,Rendah
17,Sari,Hidayat,3,1,0,0,2,2,1,3,1,4,1,6,2,6,4,4,27,12,8,35,24,17,19,110,Sedang,Rendah,Rendah
18,Dewi,Wibowo,1,0,2,3,3,4,0,0,3,0,2,6,2,3,4,6,25,31,2,12,22,16,17,98,Sedang,Sedang,Rendah
19,Agus,Lestari,1,2,3,2,3,4,1,0,2,3,4,0,3,6,6,16,9,35,33,33,2,21,19,128,Rendah,Rendah,Rendah
20,Dewi,Santoso,3,1,3,0,2,3,2,3,2,3,2,6,0,3,5,1,15,10,26,40,10,22,16,102,Rendah,Sedang,Rendah
21,Sari,Lestari,0,2,1,3,3,0,0,2,1,1,2,3,3,1,6,26,25,7,7,11,31,13,15,107,Tinggi,Sedang,Rendah
22,Lina,Wibowo,1,3,0,3,0,3,4,4,4,4,4,6,0,6,1,35,5,14,5,30,8,26,17,97,Rendah,Sedang,Rendah
23,Hadi,Siregar,1,1,2,1,1,4,2,2,0,1,1,6,2,4,0,23,35,3,28,14,3,15,13,106,Tinggi,Tinggi,Rendah
24,Agus,Siregar,1,1,0,3,2,4,2,0,0,0,4,5,4,2,6,29,7,11,24,13,32,13,21,116,Tinggi,Rendah,Rendah
25,Rina,Hidayat,0,1,1,3,0,0,1,3,3,0,4,4,1,0,5,3,23,26,11,13,38,12,14,114,Tinggi,Sedang,Rendah
26,Lina,Hidayat,2,2,0,1,1,1,0,3,3,2,6,4,0,0,0,24,10,28,4,2,32,15,10,100,Tinggi,Tinggi,Rendah
27,Rina,Siregar,1,0,0,1,0,2,4,4,3,1,4,2,2,3,0,5,6,12,38,11,35,16,11,107,Sedang,Tinggi,Rendah
28,Hadi,Hidayat,0,1,2,3,0,3,3,4,0,3,5,2,6,5,0,33,17,16,39,9,4,19,18,118,Sedang,Rendah,Rendah
29,Rina,Lestari,0,1,1,2,1,1,2,3,1,2,5,6,4,0,4,9,14,21,24,23,29,14,19,120,Tinggi,Rendah,Rendah
30,Lina,Wibowo,2,3,1,2,0,3,0,0,2,3,2,0,1,5,6,7,3,27,26,23,35,16,14,121,Sedang,Sedang,Rendah
31,Dewi,Hidayat,0,1,2,0,3,0,0,1,3,0,2,2,2,6,6,3,31,16,11,9,11,10,18,81,Tinggi,Rendah,Rendah
32,Joko,Lestari,3,3,2,3,0,0,3,3,3,2,3,4,3,1,3,10,1,27,12,14,37,22,14,101,Rendah,Sedang,Rendah
33,Rina,Siregar,3,0,1,2,3,0,1,1,2,0,2,0,6,2,2,24,11,15,28,11,12,13,12,101,Tinggi,Tinggi,Rendah
34,Lina,Lestari,3,0,3,0,0,1,2,1,3,2,1,5,6,2,5,30,21,25,20,38,20,15,19,154,Tinggi,Rendah,Rendah
35,Sari,Santoso,1,2,1,0,3,0,1,0,3,0,6,0,2,6,6,8,24,12,7,35,4,11,20,90,Tinggi,Rendah,Rendah
36,Budi,Lestari,1,2,0,2,3,2,2,2,3,0,3,1,1,0,6,26,19,26,2,23,16,17,11,112,Sedang,Tinggi,Rendah
37,Agus,Hidayat,1,3,0,2,1,1,0,3,0,2,1,6,2,6,1,5,23,13,29,35,22,13,16,127,Tinggi,Sedang,Rendah
38,Agus,Siregar,2,2,0,0,2,3,3,2,1,2,2,0,5,4,2,15,12,23,8,40,23,17,13,121,Sedang,Tinggi,Rendah
39,Siti,Santoso,1,0,3,0,2,4,4,2,1,1,2,2,3,5,6,12,30,26,30,30,17,18,18,145,Sedang,Rendah,Rendah
40,Budi,Wibowo,1,2,0,2,0,1,1,2,0,2,1,1,3,5,2,6,31,13,34,3,6,11,12,93,Tinggi,Tinggi,Rendah
41,Hadi,Siregar,2,0,0,1,3,2,3,2,1,4,4,3,2,6,2,26,1,13,8,30,27,18,17,105,Sedang,Sedang,Rendah
42,Sari,Wibowo,3,1,2,2,3,1,3,1,1,0,3,0,1,6,0,25,4,17,19,26,22,17,10,113,Sedang,Tinggi,Rendah
43,Siti,Wibowo,3,1,2,0,3,0,4,1,0,2,6,6,5,5,3,24,11,24,19,24,14,16,25,116,Sedang,Rendah,Rendah
44,Putra,Santoso,0,3,1,1,3,4,4,2,2,3,1,2,1,1,1,15,32,28,25,37,3,23,6,140,Rendah,Tinggi,Rendah
45,Sari,Wibowo,0,2,3,0,0,0,0,4,2,0,2,6,1,3,4,22,24,24,26,24,11,11,16,131,Tinggi,Sedang,Rendah
46,Dewi,Santoso,0,2,0,2,2,2,0,0,3,1,2,0,6,2,2,24,19,11,32,22,19,12,12,127,Tinggi,Tinggi,Rendah
47,Putra,Hidayat,2,2,0,0,3,4,2,0,0,3,1,2,3,6,6,26,27,28,31,27,12,16,18,151,Sedang,Rendah,Rendah
48,Siti,Hidayat,3,2,2,1,1,4,3,3,2,1,6,2,0,6,1,16,14,23,11,7,17,22,15,88,Rendah,Sedang,Rendah
49,Agus,Siregar,3,1,3,1,2,3,4,1,3,3,0,4,4,5,3,4,21,33,15,29,3,24,16,105,Rendah,Sedang,Rendah
50,Budi,Siregar,3,3,3,0,1,2,4,0,2,2,4,3,3,3,5,10,32,17,35,35,24,20,18,153,Rendah,Rendah,Rendah
51,Siti,Hidayat,0,0,3,2,0,0,4,0,2,2,2,0,0,3,5,34,33,15,16,38,19,13,10,155,Tinggi,Tinggi,Rendah
52,Rina,Hidayat,1,0,1,1,3,4,1,3,2,3,5,6,4,4,0,30,16,24,7,13,38,19,19,128,Sedang,Rendah,Rendah
53,Dewi,Lestari,2,1,3,1,0,1,4,4,4,2,0,0,3,6,4,8,10,27,35,11,33,22,13,124,Rendah,Tinggi,Rendah
54,Joko,Siregar,2,3,1,3,2,1,0,3,3,1,2,3,3,5,2,20,26,31,9,4,3,19,15,93,Sedang,Sedang,Rendah
55,Siti,Wibowo,0,1,2,0,0,2,2,2,2,4,6,5,2,6,6,19,23,21,9,37,6,15,25,115,Tinggi,Rendah,Rendah
56,Budi,Siregar,1,0,3,1,1,0,0,4,0,1,2,3,4,5,0,15,3,34,33,23,29,11,14,137,Tinggi,Sedang,Rendah
57,Agus,Santoso,1,0,1,1,2,2,1,3,1,1,3,3,0,6,1,33,35,17,18,27,37,13,13,167,Tinggi,Tinggi,Sedang
58,Siti,Hidayat,3,3,1,0,3,2,0,2,3,4,0,3,0,3,4,6,22,21,28,4,22,21,10,103,Rendah,Tinggi,Rendah
59,Putra,Lestari,2,2,3,0,0,4,3,3,1,0,5,0,6,4,2,29,11,2,20,6,10,18,17,78,Sedang,Sedang,Rendah
60,Rina,Lestari,2,2,1,0,0,2,2,3,2,4,2,1,1,4,3,27,7,25,34,3,16,18,11,112,Sedang,Tinggi,Rendah
61,Dewi,Wibowo,1,0,1,2,1,0,0,3,4,0,2,5,5,4,5,1,14,5,2,39,38,12,21,99,Tinggi,Rendah,Rendah
62,Rina,Lestari,0,0,1,1,0,0,4,0,1,4,6,0,0,6,5,5,33,15,18,2,25,11,17,98,Tinggi,Sedang,Rendah
63,Rina,Hidayat,2,1,3,1,3,0,2,3,1,3,6,1,2,4,2,33,28,34,23,33,29,19,15,180,Sedang,Sedang,Sedang
64,Rina,Wibowo,2,0,2,0,2,2,3,4,4,2,4,5,5,6,1,13,22,20,30,17,30,21,21,132,Rendah,Rendah,Rendah
65,Hadi,Wibowo,1,3,1,0,1,0,4,3,3,1,4,5,0,6,1,8,24,12,31,32,15,17,16,122,Sedang,Sedang,Rendah
66,Sari,Wibowo,2,0,1,0,0,2,3,4,4,1,1,5,5,5,2,17,25,4,9,29,33,17,18,117,Sedang,Rendah,Rendah
67,Siti,Lestari,1,3,3,3,1,2,2,1,3,0,0,2,2,4,1,10,29,27,40,17,22,19,9,145,Sedang,Tinggi,Rendah
68,Agus,Wibowo,0,3,0,0,2,0,2,3,2,3,0,6,2,3,2,20,21,35,4,2,31,15,13,113,Tinggi,Tinggi,Rendah
69,Agus,Wibowo,3,1,0,3,3,2,1,3,4,4,0,2,0,2,2,17,31,11,11,9,37,24,6,116,Rendah,Tinggi,Rendah
70,Dewi,Siregar,2,0,2,0,3,3,3,2,2,2,3,4,1,6,0,26,19,25,27,24,1,19,14,122,Sedang,Sedang,Rendah
71,Rina,Wibowo,0,3,0,3,3,0,1,4,0,3,1,0,0,5,6,9,19,17,6,23,24,17,12,98,Sedang,Tinggi,Rendah
72,Putra,Siregar,2,2,3,0,3,4,2,3,1,3,5,1,4,0,5,27,7,32,23,2,9,23,15,100,Rendah,Sedang,Rendah
73,Putra,Hidayat,3,0,3,0,3,3,2,1,3,2,3,0,1,2,2,12,33,29,16,21,5,20,8,116,Rendah,Tinggi,Rendah
74,Lina,Santoso,1,3,2,2,3,4,2,3,1,2,2,1,0,5,3,10,11,30,31,1,23,23,11,106,Rendah,Tinggi,Rendah
75,Rina,Lestari,1,0,1,0,1,0,3,3,2,1,6,0,3,4,6,12,20,19,7,32,26,12,19,116,Tinggi,Rendah,Rendah
76,Hadi,Hidayat,0,1,2,2,3,4,3,0,0,1,3,3,0,0,6,8,29,17,13,10,2,16,12,79,Sedang,Tinggi,Rendah
77,Siti,Lestari,3,2,3,1,1,3,1,1,4,4,1,2,0,0,0,34,15,12,14,15,37,23,3,127,Rendah,Tinggi,Rendah
78,Agus,Wibowo,0,3,1,0,0,0,2,4,1,4,4,1,5,4,3,12,31,23,7,25,6,15,17,104,Tinggi,Sedang,Rendah
79,Siti,Wibowo,0,1,3,3,1,0,0,0,3,0,4,5,3,6,1,12,9,32,8,10,38,11,19,109,Tinggi,Rendah,Rendah
80,Putra,Wibowo,2,1,2,2,1,1,0,0,0,2,3,1,4,4,6,7,34,16,13,40,7,11,18,117,Tinggi,Rendah,Rendah
81,Agus,Siregar,0,1,0,0,2,0,4,3,2,3,4,0,1,5,4,15,33,25,1,40,11,15,14,125,Tinggi,Sedang,Rendah
82,Rina,Santoso,1,3,1,1,0,1,4,3,1,4,3,2,4,2,3,22,32,17,13,17,14,19,14,115,Sedang,Sedang,Rendah
83,Sari,Wibowo,1,0,1,3,0,2,3,1,1,2,2,1,3,1,1,19,7,23,5,34,15,14,8,103,Tinggi,Tinggi,Rendah
84,Lina,Wibowo,2,0,1,1,0,3,4,4,0,0,3,1,0,3,5,26,17,10,6,5,40,15,12,104,Tinggi,Tinggi,Rendah
85,Rina,Santoso,1,0,3,2,2,1,4,0,0,1,4,1,1,4,2,22,9,18,19,32,26,14,12,126,Tinggi,Tinggi,Rendah
86,Budi,Lestari,0,2,3,1,0,2,3,4,4,0,5,6,0,5,4,23,18,24,32,39,7,19,20,143,Sedang,Rendah,Rendah
87,Sari,Siregar,0,1,1,3,1,0,4,2,3,0,1,6,6,6,1,27,29,14,24,7,7,15,20,108,Tinggi,Rendah,Rendah
88,Lina,Siregar,0,1,3,2,2,4,1,2,1,0,0,3,4,5,0,9,16,8,29,28,39,16,12,129,Sedang,Tinggi,Rendah
89,Putra,Hidayat,2,1,2,0,2,4,1,0,4,2,6,2,5,5,6,5,33,20,13,4,13,18,24,88,Sedang,Rendah,Rendah
90,Siti,Wibowo,1,0,0,1,0,4,2,0,0,4,1,6,2,4,1,23,10,22,3,22,22,12,14,102,Tinggi,Sedang,Rendah
91,Rina,Wibowo,3,2,1,0,2,4,2,0,0,4,3,3,0,3,3,28,25,23,30,5,26,18,12,137,Sedang,Tinggi,Rendah
92,Putra,Lestari,1,3,3,1,0,2,0,4,0,2,4,3,4,3,4,35,15,3,35,17,14,16,18,119,Sedang,Rendah,Rendah
93,Dewi,Hidayat,0,3,0,0,0,1,1,4,1,1,5,6,5,1,0,25,18,34,10,9,35,11,17,131,Tinggi,Sedang,Rendah
94,Dewi,Lestari,0,3,3,3,2,4,3,1,2,1,6,3,6,2,0,4,23,21,34,7,4,22,17,93,Rendah,Sedang,Rendah
95,Siti,Lestari,0,1,2,0,0,4,3,2,4,4,1,6,4,3,3,9,27,30,34,3,33,20,17,136,Rendah,Sedang,Rendah
96,Sari,Wibowo,1,1,1,2,2,0,2,1,1,3,3,4,5,4,0,18,29,16,18,1,7,14,16,89,Tinggi,Sedang,Rendah
97,Sari,Santoso,0,0,0,1,2,2,4,1,2,0,2,0,6,1,6,5,30,34,39,14,14,12,15,136,Tinggi,Sedang,Rendah
98,Agus,Santoso,2,0,1,3,2,1,1,2,3,4,6,1,2,0,1,14,8,24,30,26,36,19,10,138,Sedang,Tinggi,Rendah
99,Agus,Santoso,0,1,0,2,3,2,3,3,3,3,2,3,6,4,4,6,10,22,36,22,2,20,19,98,Rendah,Rendah,Rendah
100,Lina,Santoso,3,1,2,2,1,0,3,4,0,1,2,3,3,0,0,6,22,14,28,2,36,17,8,108,Sedang,Tinggi,Rendah
101,Budi,Siregar,3,3,1,1,1,1,1,2,4,2,6,5,1,5,3,17,18,29,28,7,11,19,20,110,Sedang,Rendah,Rendah
102,Siti,Lestari,0,0,3,1,2,2,1,3,2,4,6,5,1,3,3,14,2,14,3,32,22,18,18,87,Sedang,Rendah,Rendah
103,Siti,Hidayat,0,1,1,0,0,0,3,2,2,0,2,2,4,2,6,29,15,12,8,29,40,9,16,133,Tinggi,Sedang,Rendah
104,Putra,Lestari,2,2,2,3,3,0,2,1,3,3,2,5,3,2,1,25,32,12,10,25,14,21,13,118,Rendah,Tinggi,Rendah
105,Hadi,Santoso,3,3,1,0,1,2,2,0,0,0,5,0,2,0,6,31,23,4,38,17,36,12,13,149,Tinggi,Tinggi,Rendah
106,Siti,Siregar,0,0,0,1,0,0,0,1,4,2,1,5,3,5,0,5,17,18,20,31,26,8,14,117,Tinggi,Sedang,Rendah
107,Joko,Wibowo,0,3,2,0,2,3,1,3,4,1,4,3,1,0,3,22,35,35,5,6,25,19,11,128,Sedang,Tinggi,Rendah
108,Dewi,Hidayat,2,0,1,2,1,2,0,0,2,2,4,4,6,1,0,2,30,24,21,18,4,12,15,99,Tinggi,Sedang,Rendah
109,Lina,Santoso,0,3,0,2,1,2,1,3,1,1,3,2,1,3,5,32,14,7,33,13,20,14,14,119,Tinggi,Sedang,Rendah
110,Joko,Lestari,3,2,3,0,0,0,4,2,4,0,1,3,5,2,5,30,15,8,20,17,9,18,16,99,Sedang,Sedang,Rendah
111,Joko,Lestari,0,2,2,3,1,0,3,3,0,4,1,0,0,4,4,16,33,15,33,15,3,18,9,115,Sedang,Tinggi,Rendah
112,Joko,Wibowo,1,1,1,3,0,3,1,4,1,3,3,3,6,3,5,34,32,6,3,21,16,18,20,112,Sedang,Rendah,Rendah
113,Joko,Siregar,1,3,1,0,2,1,0,4,2,1,2,5,6,6,5,1,7,32,6,23,20,15,24,89,Tinggi,Rendah,Rendah
114,Dewi,Wibowo,2,0,0,1,0,2,4,4,4,4,1,5,1,0,2,15,32,13,3,5,8,21,9,76,Rendah,Tinggi,Rendah
115,Lina,Siregar,0,1,1,1,1,2,2,4,2,0,4,3,0,4,2,31,5,27,37,1,20,14,13,121,Tinggi,Tinggi,Rendah
116,Putra,Siregar,2,3,1,2,1,1,3,3,3,4,2,0,5,5,2,18,10,27,19,38,27,23,14,139,Rendah,Sedang,Rendah
117,Joko,Siregar,0,3,2,0,1,3,1,4,4,0,0,4,5,0,2,32,32,5,5,3,7,18,11,84,Sedang,Tinggi,Rendah
118,Siti,Hidayat,1,1,0,0,3,3,2,0,4,0,5,6,3,3,5,29,11,19,2,19,9,14,22,89,Tinggi,Rendah,Rendah
119,Joko,Wibowo,3,3,3,1,0,4,1,0,1,3,6,0,6,1,3,24,22,6,32,21,34,19,16,139,Sedang,Sedang,Rendah
120,Hadi,Lestari,2,1,0,2,0,4,0,2,4,2,5,0,0,0,1,18,17,28,35,39,15,17,6,152,Sedang,Tinggi,Rendah
121,Dewi,Wibowo,3,1,3,1,0,4,3,2,1,1,1,0,1,4,3,13,24,2,37,6,10,19,9,92,Sedang,Tinggi,Rendah
122,Lina,Wibowo,0,0,1,1,3,2,2,3,3,1,1,6,5,2,5,5,15,5,8,7,21,16,19,61,Sedang,Rendah,Rendah
123,Budi,Wibowo,0,0,1,2,2,4,2,0,0,0,1,3,4,0,0,15,9,2,28,2,28,11,8,84,Tinggi,Tinggi,Rendah
124,Agus,Hidayat,0,3,2,2,2,1,4,1,4,1,5,3,2,4,4,22,27,24,22,39,13,20,18,147,Rendah,Rendah,Rendah
125,Siti,Santoso,2,3,1,1,2,3,0,1,0,3,3,3,2,4,4,27,7,24,27,6,1,16,16,92,Sedang,Sedang,Rendah
126,Sari,Santoso,3,2,3,3,1,1,2,0,2,1,5,2,6,4,2,3,28,17,25,16,38,18,19,127,Sedang,Rendah,Rendah
127,Hadi,Siregar,3,2,0,1,0,2,2,0,0,4,0,6,4,3,4,22,23,18,6,18,24,14,17,111,Tinggi,Sedang,Rendah
128,Lina,Wibowo,2,2,3,2,1,4,0,4,0,1,5,2,6,1,6,10,15,18,27,7,29,19,20,106,Sedang,Rendah,Rendah
129,Sari,Wibowo,0,2,3,0,1,2,4,1,2,1,2,2,2,1,1,15,16,22,9,22,7,16,8,91,Sedang,Tinggi,Rendah
130,Budi,Santoso,0,1,2,2,0,1,0,2,0,4,5,6,0,2,5,14,20,18,15,10,37,12,18,114,Tinggi,Rendah,Rendah
131,Lina,Wibowo,2,2,0,2,1,0,0,0,0,4,1,2,6,1,2,24,12,3,13,15,8,11,12,75,Tinggi,Tinggi,Rendah
132,Lina,Hidayat,2,3,2,2,2,4,4,2,4,4,6,6,0,4,4,4,24,21,8,12,25,29,20,94,Rendah,Rendah,Rendah
133,Dewi,Santoso,2,1,0,1,0,4,3,0,2,2,6,5,5,6,2,22,21,19,33,26,26,15,24,147,Tinggi,Rendah,Rendah
134,Sari,Siregar,1,2,1,3,1,0,2,0,2,3,2,5,3,1,5,32,30,28,33,10,27,15,16,160,Tinggi,Sedang,Rendah
135,Lina,Siregar,1,2,1,0,3,2,1,3,1,4,3,3,0,4,3,33,14,15,11,18,34,18,13,125,Sedang,Tinggi,Rendah
136,Agus,Santoso,1,0,0,1,3,0,0,0,3,1,1,6,3,0,4,31,35,31,21,40,15,9,14,173,Tinggi,Sedang,Sedang
137,Sari,Santoso,0,2,2,2,1,0,1,3,0,2,0,3,1,0,3,21,19,15,4,25,20,13,7,104,Tinggi,Tinggi,Rendah
138,Sari,Siregar,0,3,2,1,2,4,4,0,1,1,2,1,2,5,2,22,19,4,25,5,20,18,12,95,Sedang,Tinggi,Rendah
139,Siti,Lestari,2,2,1,3,1,4,0,3,4,0,3,2,5,6,4,12,4,8,27,13,28,20,20,92,Rendah,Rendah,Rendah
140,Sari,Hidayat,2,0,1,0,0,3,1,3,3,4,0,6,4,3,5,16,21,17,16,3,35,17,18,108,Sedang,Rendah,Rendah
141,Rina,Santoso,1,1,1,1,2,3,2,3,0,1,0,1,3,5,0,4,28,9,26,36,26,15,9,129,Tinggi,Tinggi,Rendah
142,Hadi,Siregar,2,2,2,0,1,3,0,0,0,1,6,6,4,4,2,16,11,5,10,19,34,11,22,95,Tinggi,Rendah,Rendah
143,Rina,Santoso,2,2,0,2,3,1,3,2,0,2,2,1,1,6,2,13,3,8,15,21,34,17,12,94,Sedang,Tinggi,Rendah
144,Putra,Siregar,2,2,0,2,2,2,0,3,3,4,4,0,1,2,3,25,19,31,33,21,26,20,10,155,Rendah,Tinggi,Rendah
145,Rina,Hidayat,1,1,3,2,3,0,4,3,1,3,3,4,5,1,1,16,18,23,13,32,12,21,14,114,Rendah,Sedang,Rendah
146,Rina,Hidayat,2,1,1,1,3,0,4,0,1,4,4,3,1,1,2,21,4,10,3,40,20,17,11,98,Sedang,Tinggi,Rendah
147,Agus,Siregar,0,2,1,1,0,4,4,3,1,3,6,0,6,4,4,4,6,31,36,39,3,19,20,119,Sedang,Rendah,Rendah
148,Agus,Lestari,0,3,3,0,3,2,3,3,0,2,0,5,1,3,2,16,34,9,29,11,10,19,11,109,Sedang,Tinggi,Rendah
149,Hadi,Lestari,0,3,0,0,3,4,1,0,1,1,1,0,3,0,4,25,20,13,12,31,34,13,8,135,Tinggi,Tinggi,Rendah
150,Rina,Santoso,1,3,2,1,0,0,1,0,4,1,6,4,4,5,5,19,16,24,17,11,37,13,24,124,Tinggi,Rendah,Rendah
151,Sari,Siregar,3,3,2,3,1,2,2,1,1,3,0,5,1,6,1,28,30,35,24,37,40,21,13,194,Rendah,Tinggi,Tinggi
152,Agus,Santoso,1,2,3,1,2,0,1,2,2,1,0,6,0,2,5,9,35,14,13,12,15,15,13,98,Tinggi,Tinggi,Rendah
153,Siti,Santoso,1,0,3,3,2,3,4,0,3,0,2,4,6,1,6,6,17,5,28,10,12,19,19,78,Sedang,Rendah,Rendah
154,Siti,Santoso,2,3,3,1,1,0,4,4,1,2,5,4,3,2,3,13,6,26,7,24,19,21,17,95,Rendah,Sedang,Rendah
155,Hadi,Lestari,0,1,3,1,2,2,4,0,0,2,3,1,0,0,4,11,22,23,36,37,8,15,8,137,Tinggi,Tinggi,Rendah
156,Budi,Wibowo,2,3,0,3,1,0,1,4,2,1,5,5,0,4,5,23,8,4,26,25,40,17,19,126,Sedang,Rendah,Rendah
157,Agus,Hidayat,2,3,1,3,3,2,3,2,3,1,2,6,3,6,2,8,16,15,33,28,30,23,19,130,Rendah,Rendah,Rendah
158,Dewi,Lestari,0,3,1,3,2,1,4,2,1,1,0,0,0,2,1,18,13,13,17,27,30,18,3,118,Sedang,Tinggi,Rendah
159,Rina,Santoso,0,2,3,3,1,3,3,0,2,3,0,3,2,3,4,14,27,13,28,6,28,20,12,116,Rendah,Tinggi,Rendah
160,Agus,Santoso,2,2,3,3,3,0,0,4,2,2,4,6,5,5,3,27,19,24,14,4,9,21,23,97,Rendah,Rendah,Rendah
161,Rina,Wibowo,1,0,1,1,0,3,2,4,2,1,6,4,5,6,0,24,32,33,1,11,4,15,21,105,Tinggi,Rendah,Rendah
162,Dewi,Siregar,0,2,3,0,2,1,4,4,4,4,6,2,1,1,6,11,17,19,12,3,8,24,16,70,Rendah,Sedang,Rendah
163,Joko,Hidayat,1,1,2,0,3,4,3,1,4,3,0,2,2,0,0,28,15,30,18,4,30,22,4,125,Rendah,Tinggi,Rendah
164,Hadi,Lestari,0,2,1,1,1,3,3,0,2,1,1,3,3,0,2,16,3,5,34,11,16,14,9,85,Tinggi,Tinggi,Rendah
165,Joko,Hidayat,0,0,3,2,1,1,3,3,4,2,4,4,2,0,3,29,28,35,13,18,15,19,13,138,Sedang,Tinggi,Rendah
166,Sari,Lestari,2,0,0,2,2,2,3,3,0,0,6,5,4,2,0,2,10,24,15,26,20,14,17,97,Tinggi,Sedang,Rendah
167,Sari,Wibowo,0,3,0,3,3,4,0,0,3,0,4,4,2,0,5,33,21,27,12,30,15,16,15,138,Sedang,Sedang,Rendah
168,Sari,Wibowo,1,2,2,3,3,3,1,3,2,2,1,0,2,4,1,24,8,21,16,20,30,22,8,119,Rendah,Tinggi,Rendah
169,Hadi,Lestari,0,0,0,2,0,3,3,2,2,1,2,1,2,6,6,14,24,4,33,24,23,13,17,122,Tinggi,Sedang,Rendah
170,Budi,Lestari,0,1,0,3,2,2,0,2,1,0,0,2,5,3,2,31,10,26,23,30,34,11,12,154,Tinggi,Tinggi,Rendah
171,Rina,Lestari,0,3,1,3,3,1,0,4,1,0,4,6,5,5,5,19,14,13,20,28,16,16,25,110,Sedang,Rendah,Rendah
172,Budi,Lestari,3,1,1,3,2,1,2,0,2,2,2,0,6,1,4,16,19,19,4,40,27,17,13,125,Sedang,Tinggi,Rendah
173,Rina,Lestari,3,1,0,1,1,2,0,3,3,3,4,3,4,6,5,29,3,18,11,20,36,17,22,117,Sedang,Rendah,Rendah
174,Putra,Lestari,3,1,0,0,2,2,0,4,2,2,6,0,4,1,2,21,14,21,33,26,40,16,13,155,Sedang,Tinggi,Rendah
175,Siti,Santoso,1,1,2,3,3,2,1,2,2,1,1,6,3,0,2,3,9,34,33,24,34,18,12,137,Sedang,Tinggi,Rendah
176,Budi,Santoso,3,3,2,0,2,0,2,4,1,0,0,6,1,0,2,21,17,6,18,32,23,17,9,117,Sedang,Tinggi,Rendah
177,Hadi,Santoso,2,0,3,0,3,4,4,0,0,2,1,1,3,2,6,12,7,24,20,30,27,18,13,120,Sedang,Tinggi,Rendah
178,Hadi,Wibowo,3,0,3,0,3,2,4,4,4,1,3,3,4,3,1,20,18,34,28,28,7,24,14,135,Rendah,Sedang,Rendah
179,Hadi,Lestari,1,3,3,3,0,3,3,2,2,3,2,4,2,0,0,13,9,13,17,29,24,23,8,105,Rendah,Tinggi,Rendah
180,Sari,Lestari,1,0,0,3,0,1,0,0,3,4,3,6,2,0,4,28,9,8,33,5,28,12,15,111,Tinggi,Sedang,Rendah
181,Rina,Hidayat,3,0,3,0,0,0,1,4,0,1,4,6,1,3,1,33,27,28,15,1,6,12,15,110,Tinggi,Sedang,Rendah
182,Joko,Santoso,0,1,1,0,2,3,0,3,4,4,5,4,6,0,0,16,12,32,36,1,2,18,15,99,Sedang,Sedang,Rendah
183,Siti,Siregar,2,2,3,2,0,4,4,3,1,4,2,2,0,5,3,1,21,21,35,9,38,25,12,125,Rendah,Tinggi,Rendah
184,Dewi,Santoso,1,1,2,0,1,3,0,4,1,2,6,4,1,6,5,14,19,25,6,5,33,15,22,102,Tinggi,Rendah,Rendah
185,Hadi,Hidayat,2,2,0,0,1,0,3,0,0,0,2,2,0,4,4,35,4,7,23,11,12,8,12,92,Tinggi,Tinggi,Rendah
186,Agus,Hidayat,2,3,3,0,0,4,0,2,3,1,6,2,6,3,0,3,24,21,1,14,36,18,17,99,Sedang,Sedang,Rendah
187,Dewi,Hidayat,3,2,1,1,2,1,4,4,0,0,3,1,3,1,4,3,4,4,11,21,31,18,12,74,Sedang,Tinggi,Rendah
188,Lina,Santoso,1,2,3,1,0,0,4,4,4,0,4,4,2,2,3,32,34,9,12,13,18,19,15,118,Sedang,Sedang,Rendah
189,Budi,Wibowo,2,1,3,3,1,2,0,2,2,3,1,0,1,0,1,23,24,22,35,25,22,19,3,151,Sedang,Tinggi,Rendah
190,Rina,Hidayat,2,2,3,1,2,4,0,1,0,3,3,3,3,0,2,16,26,28,3,18,5,18,11,96,Sedang,Tinggi,Rendah
191,Rina,Wibowo,1,2,3,0,2,0,3,1,0,4,3,4,2,1,2,32,20,26,40,2,4,16,12,124,Sedang,Tinggi,Rendah
192,Lina,Hidayat,3,1,2,1,1,3,3,1,4,3,3,2,1,2,1,18,32,24,33,6,38,22,9,151,Rendah,Tinggi,Rendah
193,Rina,Santoso,3,0,0,3,2,1,2,4,2,0,6,4,2,6,6,12,6,28,39,24,5,17,24,114,Sedang,Rendah,Rendah
194,Lina,Siregar,0,0,3,2,1,1,2,3,3,4,1,0,4,5,3,3,4,8,16,3,20,19,13,54,Sedang,Tinggi,Rendah
195,Putra,Siregar,2,0,2,0,0,4,3,4,3,1,1,6,2,2,4,14,20,13,36,23,19,19,15,125,Sedang,Sedang,Rendah
196,Putra,Wibowo,1,1,1,3,3,0,0,4,3,1,4,6,1,5,0,30,18,14,9,9,21,17,16,101,Sedang,Sedang,Rendah
197,Agus,Lestari,0,1,0,3,2,0,3,0,2,2,6,3,1,5,1,24,7,18,11,31,19,13,16,110,Tinggi,Sedang,Rendah
198,Joko,Lestari,2,0,2,2,0,4,4,2,4,3,6,1,2,2,3,30,17,29,4,24,10,23,14,114,Rendah,Sedang,Rendah
199,Putra,Siregar,3,3,0,2,0,0,4,1,3,4,0,6,2,5,5,29,19,4,27,2,4,20,18,85,Rendah,Rendah,Rendah
200,Lina,Wibowo,1,3,3,1,1,4,4,4,3,3,3,2,4,6,0,6,17,28,30,15,4,27,15,100,Rendah,Sedang,Rendah
201,Dewi,Hidayat,2,3,2,3,1,1,3,4,1,1,3,6,0,1,4,6,7,9,13,14,30,21,14,79,Rendah,Sedang,Rendah
202,Hadi,Wibowo,2,0,0,1,2,4,2,0,1,1,4,5,6,1,2,7,2,1,24,30,35,13,18,99,Tinggi,Rendah,Rendah
203,Hadi,Santoso,3,0,1,3,1,2,1,1,2,1,4,4,0,4,0,10,18,5,31,19,23,15,12,106,Tinggi,Tinggi,Rendah
204,Dewi,Lestari,2,1,3,2,0,4,1,3,0,3,3,5,3,4,2,4,23,31,18,6,34,19,17,116,Sedang,Sedang,Rendah
205,Siti,Lestari,3,1,1,0,1,4,3,1,1,4,2,4,4,0,2,3,21,17,35,39,18,19,12,133,Sedang,Tinggi,Rendah
206,Agus,Wibowo,3,2,3,1,0,3,0,3,3,2,2,4,1,0,2,5,10,32,14,38,36,20,9,135,Rendah,Tinggi,Rendah
207,Putra,Lestari,0,3,3,3,3,3,1,4,3,0,3,6,4,0,0,10,31,18,24,11,26,23,13,120,Rendah,Tinggi,Rendah
208,Agus,Wibowo,3,2,1,3,2,3,1,0,1,1,1,3,1,5,2,12,6,23,14,4,6,17,12,65,Sedang,Tinggi,Rendah
209,Rina,Lestari,2,0,2,0,1,1,2,4,0,0,2,5,5,0,1,10,10,34,15,27,17,12,13,113,Tinggi,Tinggi,Rendah
210,Agus,Lestari,2,1,3,3,0,1,0,0,2,4,4,2,1,1,2,21,7,18,19,19,35,16,10,119,Sedang,Tinggi,Rendah
211,Joko,Siregar,0,2,2,1,1,1,1,4,4,3,2,2,3,6,6,2,23,18,19,3,26,19,19,91,Sedang,Rendah,Rendah
212,Dewi,Santoso,0,0,2,0,0,2,0,1,0,4,3,5,1,5,3,19,27,14,16,15,12,9,17,103,Tinggi,Sedang,Rendah
213,Rina,Santoso,0,1,0,3,2,1,1,4,3,3,1,1,0,5,6,20,23,25,19,29,33,18,13,149,Sedang,Tinggi,Rendah
214,Rina,Lestari,3,0,2,1,2,3,1,2,1,2,6,0,4,0,3,17,19,33,6,25,1,17,13,101,Sedang,Tinggi,Rendah
215,Siti,Hidayat,1,0,0,0,1,4,1,2,3,3,3,5,3,6,2,23,5,30,2,37,35,15,19,132,Tinggi,Rendah,Rendah
216,Joko,Siregar,1,3,3,0,3,0,1,1,2,3,2,1,1,5,4,27,11,26,1,2,25,17,13,92,Sedang,Tinggi,Rendah
217,Hadi,Wibowo,3,2,0,1,1,1,1,2,1,3,6,2,4,1,1,15,28,8,5,9,32,15,14,97,Tinggi,Sedang,Rendah
218,Siti,Wibowo,2,3,1,3,3,0,2,1,2,1,2,1,1,0,4,34,33,21,33,30,14,18,8,165,Sedang,Tinggi,Rendah
219,Hadi,Santoso,2,1,2,1,2,3,1,0,1,4,0,6,4,2,2,20,33,10,27,21,3,17,14,114,Sedang,Sedang,Rendah
220,Putra,Lestari,3,0,1,3,1,3,4,1,2,2,5,3,4,2,1,28,32,15,24,21,14,20,15,134,Rendah,Sedang,Rendah
221,Budi,Lestari,1,1,0,0,3,0,3,2,2,2,6,5,3,3,2,28,26,13,5,18,33,14,19,123,Tinggi,Rendah,Rendah
222,Hadi,Hidayat,1,1,0,2,1,3,1,2,3,1,6,2,0,2,2,8,33,26,5,7,16,15,12,95,Tinggi,Tinggi,Rendah
223,Rina,Santoso,3,2,3,2,0,2,2,2,2,4,0,2,1,2,6,1,25,35,11,34,7,22,11,113,Rendah,Tinggi,Rendah
224,Siti,Hidayat,3,1,0,3,1,3,4,2,3,4,2,5,2,4,1,5,4,9,5,19,16,24,14,58,Rendah,Sedang,Rendah
225,Hadi,Siregar,0,3,2,2,3,4,1,2,0,3,5,2,1,1,0,2,31,7,13,39,34,20,9,126,Rendah,Tinggi,Rendah
226,Agus,Wibowo,3,1,0,3,0,3,0,3,1,0,5,5,3,4,0,19,12,35,16,25,37,14,17,144,Tinggi,Sedang,Rendah
227,Siti,Santoso,0,1,3,2,2,2,2,1,4,1,4,5,6,1,3,11,11,21,1,23,33,18,19,100,Sedang,Rendah,Rendah
228,Joko,Wibowo,2,0,1,2,0,1,0,1,4,4,6,5,6,0,5,18,24,19,13,14,25,15,22,113,Tinggi,Rendah,Rendah
229,Siti,Siregar,2,2,3,1,1,2,0,0,1,3,3,0,1,3,6,14,33,22,39,29,5,15,13,142,Tinggi,Tinggi,Rendah
230,Hadi,Santoso,0,0,3,3,1,4,1,2,0,3,1,2,2,4,5,7,15,20,17,37,37,17,14,133,Sedang,Sedang,Rendah
231,Sari,Wibowo,0,0,1,1,0,4,0,0,3,0,0,5,3,1,0,3,28,27,19,17,18,9,9,112,Tinggi,Tinggi,Rendah
232,Budi,Siregar,3,3,0,2,2,0,0,4,1,1,5,1,6,6,0,25,5,16,16,25,2,16,18,89,Sedang,Rendah,Rendah
233,Agus,Hidayat,2,3,0,3,3,1,1,2,1,4,3,4,0,0,3,6,1,30,20,5,36,20,10,98,Rendah,Tinggi,Rendah
234,Hadi,Santoso,1,3,0,2,2,2,1,3,4,0,1,1,3,4,0,9,32,27,11,15,10,18,9,104,Sedang,Tinggi,Rendah
235,Lina,Siregar,1,2,0,3,3,2,0,4,4,4,2,2,5,5,0,32,30,19,25,38,5,23,14,149,Rendah,Sedang,Rendah
236,Budi,Santoso,1,0,2,3,3,3,1,2,4,4,1,1,1,0,2,12,31,24,34,26,35,23,5,162,Rendah,Tinggi,Rendah
237,Rina,Hidayat,1,2,2,1,2,4,3,3,4,3,5,1,2,3,5,32,16,5,8,6,19,25,16,86,Rendah,Sedang,Rendah
238,Agus,Hidayat,2,0,1,2,0,0,4,1,1,4,1,6,2,6,0,29,34,13,27,36,6,15,15,145,Tinggi,Sedang,Rendah
239,Siti,Santoso,2,3,2,1,3,3,4,1,4,1,3,0,1,2,3,23,20,7,5,4,11,24,9,70,Rendah,Tinggi,Rendah
240,Joko,Santoso,0,2,3,3,0,4,1,4,2,3,5,6,0,5,6,8,34,30,29,17,11,22,22,129,Rendah,Rendah,Rendah
241,Putra,Hidayat,1,3,0,0,3,4,4,3,0,3,2,5,5,5,6,5,9,16,24,35,23,21,23,112,Rendah,Rendah,Rendah
242,Joko,Santoso,2,3,2,2,0,4,2,2,0,3,0,4,6,6,5,4,8,22,39,38,18,20,21,129,Rendah,Rendah,Rendah
243,Agus,Hidayat,3,0,0,1,3,4,4,4,1,1,4,0,5,5,1,21,4,34,39,32,34,21,15,164,Rendah,Sedang,Rendah
244,Putra,Santoso,0,2,0,0,1,0,2,4,1,4,1,1,4,2,5,8,4,17,7,4,16,14,13,56,Tinggi,Tinggi,Rendah
245,Joko,Wibowo,0,0,2,0,2,0,3,0,0,3,1,4,1,0,6,20,34,8,22,25,25,10,12,134,Tinggi,Tinggi,Rendah
246,Putra,Hidayat,3,2,0,2,3,1,2,3,2,1,5,0,5,2,1,30,4,1,8,28,15,19,13,86,Sedang,Tinggi,Rendah
247,Siti,Wibowo,2,1,2,2,0,1,0,1,3,3,0,5,5,1,2,18,27,27,17,14,4,15,13,107,Tinggi,Tinggi,Rendah
248,Dewi,Hidayat,1,2,0,1,3,3,2,0,3,3,0,1,6,3,4,5,8,1,23,35,2,18,14,74,Sedang,Sedang,Rendah
249,Dewi,Lestari,3,2,0,2,0,2,4,1,1,0,2,3,1,5,5,18,14,19,14,31,40,15,16,136,Tinggi,Sedang,Rendah
250,Joko,Siregar,2,2,2,3,3,0,1,4,3,3,5,5,4,1,0,35,14,30,25,26,34,23,15,164,Rendah,Sedang,Rendah
251,Sari,Siregar,1,0,1,2,0,4,0,0,4,1,6,3,2,4,1,6,22,35,11,38,3,13,16,115,Tinggi,Sedang,Rendah
252,Hadi,Santoso,1,0,1,2,0,2,0,2,3,1,2,5,1,6,3,29,19,9,13,36,11,12,17,117,Tinggi,Sedang,Rendah
253,Dewi,Wibowo,0,1,1,2,3,2,1,3,1,1,2,3,3,3,4,28,5,2,13,21,17,15,15,86,Tinggi,Sedang,Rendah
254,Joko,Santoso,3,0,1,0,0,2,0,2,4,3,2,5,6,0,2,27,11,27,19,4,20,15,15,108,Tinggi,Sedang,Rendah
255,Hadi,Hidayat,2,3,2,3,0,4,3,2,0,1,4,1,4,3,1,14,24,7,4,25,29,20,13,103,Rendah,Tinggi,Rendah
256,Hadi,Siregar,2,1,1,0,2,2,2,1,4,4,4,6,3,4,4,25,21,5,14,3,24,19,21,92,Sedang,Rendah,Rendah
257,Hadi,Santoso,0,0,0,0,1,1,4,0,0,4,5,2,4,5,3,12,11,2,22,31,25,10,19,103,Tinggi,Rendah,Rendah
258,Putra,Wibowo,3,1,3,0,2,2,3,1,1,4,6,0,3,4,4,1,15,21,24,17,40,20,17,118,Rendah,Sedang,Rendah
259,Putra,Santoso,0,0,2,2,0,2,4,4,2,1,3,0,4,2,5,8,8,15,32,36,26,17,14,125,Sedang,Sedang,Rendah
260,Putra,Hidayat,3,2,1,3,3,0,3,4,0,2,6,5,2,3,3,4,32,29,40,17,23,21,19,145,Rendah,Rendah,Rendah
261,Joko,Santoso,0,0,0,2,0,2,4,1,4,3,6,1,4,0,1,1,15,26,27,12,23,16,12,104,Sedang,Tinggi,Rendah
262,Joko,Santoso,2,1,3,0,1,0,1,3,1,0,5,5,0,4,5,3,5,15,37,33,10,12,19,103,Tinggi,Rendah,Rendah
263,Hadi,Siregar,2,0,2,1,3,3,3,1,4,0,1,3,2,6,0,32,33,19,10,31,10,19,12,135,Sedang,Tinggi,Rendah
264,Lina,Lestari,0,2,1,1,3,0,3,2,2,4,3,0,1,6,3,3,25,17,26,7,23,18,13,101,Sedang,Tinggi,Rendah
265,Joko,Lestari,1,1,0,1,0,0,4,4,4,1,6,5,5,3,1,18,15,25,1,22,23,16,20,104,Sedang,Rendah,Rendah
266,Budi,Hidayat,1,0,1,2,1,0,0,2,2,1,6,6,3,5,4,6,34,22,18,35,38,10,24,153,Tinggi,Rendah,Rendah
267,Siti,Siregar,3,1,0,0,3,3,2,2,0,4,0,0,3,3,2,9,31,31,25,7,18,18,8,121,Sedang,Tinggi,Rendah
268,Budi,Wibowo,0,3,1,3,2,3,2,1,0,4,1,2,6,1,0,24,23,1,15,16,16,19,10,95,Sedang,Tinggi,Rendah
269,Hadi,Wibowo,3,3,3,1,3,0,3,2,2,3,5,5,3,2,2,31,3,11,16,30,10,23,17,101,Rendah,Sedang,Rendah
270,Rina,Wibowo,1,3,3,2,0,1,2,3,4,3,3,0,1,0,1,16,10,15,34,38,3,22,5,116,Rendah,Tinggi,Rendah
271,Joko,Siregar,1,1,3,1,1,0,4,3,3,3,5,2,4,1,1,16,33,19,36,17,32,20,13,153,Rendah,Tinggi,Rendah
272,Joko,Wibowo,0,1,3,0,1,3,2,1,0,0,3,1,1,2,1,18,30,28,33,13,29,11,8,151,Tinggi,Tinggi,Rendah
273,Lina,Lestari,2,3,2,0,3,1,1,2,4,1,2,6,1,4,2,8,17,28,29,29,1,19,15,112,Sedang,Sedang,Rendah
274,Siti,Siregar,2,1,2,1,3,3,4,2,4,3,2,1,5,6,0,10,23,16,33,23,9,25,14,114,Rendah,Sedang,Rendah
275,Agus,Wibowo,0,1,1,1,0,2,0,3,1,3,2,6,4,2,5,1,23,13,7,26,31,12,19,101,Tinggi,Rendah,Rendah
276,Siti,Lestari,1,3,0,0,3,1,3,3,0,1,0,3,0,6,5,13,30,24,1,8,29,15,14,105,Tinggi,Sedang,Rendah
277,Dewi,Santoso,1,3,1,2,3,3,1,0,1,3,6,1,4,2,4,17,2,28,24,5,15,18,17,91,Sedang,Sedang,Rendah
278,Putra,Siregar,0,2,2,2,0,4,1,1,1,4,4,3,6,0,1,12,29,29,24,21,39,17,14,154,Sedang,Sedang,Rendah
279,Sari,Hidayat,1,3,3,3,0,4,0,1,2,4,0,6,3,5,3,24,24,33,2,21,11,21,17,115,Rendah,Sedang,Rendah
280,Lina,Lestari,1,3,2,2,2,2,2,2,3,3,5,5,0,5,1,22,30,35,37,32,12,22,16,168,Rendah,Sedang,Sedang
281,Joko,Lestari,3,3,2,0,3,4,3,1,4,3,6,5,0,6,0,31,21,4,31,21,12,26,17,120,Rendah,Sedang,Rendah
282,Dewi,Santoso,3,3,1,3,0,2,3,3,1,4,2,5,1,2,3,6,33,4,18,4,30,23,13,95,Rendah,Tinggi,Rendah
283,Lina,Hidayat,1,0,2,3,0,1,0,1,0,3,5,6,5,4,1,34,9,27,13,7,10,11,21,100,Tinggi,Rendah,Rendah
284,Sari,Hidayat,2,2,1,0,1,1,4,3,0,0,4,4,1,3,4,8,29,24,11,36,14,14,16,122,Tinggi,Sedang,Rendah
285,Dewi,Hidayat,2,2,0,1,3,3,0,2,2,3,1,4,3,3,5,22,18,34,5,40,9,18,16,128,Sedang,Sedang,Rendah
286,Lina,Lestari,1,0,0,0,3,0,1,2,0,1,0,6,0,1,0,10,14,32,3,30,38,8,7,127,Tinggi,Tinggi,Rendah
287,Rina,Lestari,2,0,2,3,3,2,4,2,2,3,0,5,5,5,4,29,25,5,24,7,40,23,19,130,Rendah,Rendah,Rendah
288,Hadi,Wibowo,0,3,3,1,1,3,2,0,2,2,6,1,1,5,2,30,9,25,40,2,38,17,15,144,Sedang,Sedang,Rendah
289,Sari,Hidayat,1,2,3,1,1,0,2,0,1,4,3,0,3,6,6,15,1,20,35,39,6,15,18,116,Tinggi,Rendah,Rendah
290,Rina,Siregar,0,3,0,1,3,4,4,1,1,3,1,0,1,6,6,4,7,34,33,25,27,20,14,130,Rendah,Sedang,Rendah
291,Agus,Hidayat,2,0,0,0,0,4,2,3,2,2,6,3,2,5,4,26,15,21,34,22,17,15,20,135,Tinggi,Rendah,Rendah
292,Budi,Santoso,0,3,1,0,1,0,1,1,3,0,2,1,5,4,4,5,14,3,39,33,17,10,16,111,Tinggi,Sedang,Rendah
293,Siti,Hidayat,2,0,0,0,0,2,0,1,1,1,4,2,6,3,6,32,31,14,24,36,10,7,21,147,Tinggi,Rendah,Rendah
294,Dewi,Hidayat,3,3,2,0,3,2,1,2,4,2,0,3,4,5,6,27,22,5,34,25,28,22,18,141,Rendah,Rendah,Rendah
295,Sari,Siregar,0,3,3,2,3,2,0,4,3,1,4,0,1,0,2,10,2,16,33,38,11,21,7,110,Rendah,Tinggi,Rendah
296,Lina,Wibowo,1,1,0,1,3,0,2,2,4,4,1,3,0,4,6,5,29,21,31,23,4,18,14,113,Sedang,Sedang,Rendah
297,Rina,Wibowo,3,3,0,1,1,1,3,2,4,4,2,4,1,3,6,22,11,35,39,20,4,22,16,131,Rendah,Sedang,Rendah
298,Putra,Santoso,0,2,2,2,0,4,3,4,2,1,1,0,5,4,0,8,32,5,26,38,6,20,10,115,Rendah,Tinggi,Rendah
299,Rina,Santoso,2,2,3,0,3,1,3,3,2,4,3,1,3,6,6,22,16,32,5,34,35,23,19,144,Rendah,Rendah,Rendah
300,Lina,Siregar,2,3,0,1,0,4,3,3,1,4,6,4,5,3,4,10,27,35,11,39,40,21,22,162,Rendah,Rendah,Rendah
301,Sari,Wibowo,2,3,0,2,1,3,0,3,1,4,0,5,3,6,0,5,28,28,21,7,19,19,14,108,Sedang,Sedang,Rendah
302,Sari,Siregar,3,1,3,3,2,1,3,0,3,3,4,1,4,5,4,22,27,29,25,24,12,22,18,139,Rendah,Rendah,Rendah
303,Hadi,Siregar,2,0,0,3,0,3,0,2,0,1,6,5,0,6,3,10,21,25,12,38,40,11,20,146,Tinggi,Rendah,Rendah
304,Agus,Siregar,0,2,3,0,2,3,1,3,1,4,3,5,2,5,4,22,20,35,33,25,30,19,19,165,Sedang,Rendah,Rendah
305,Sari,Santoso,0,3,0,0,0,0,1,4,0,3,5,4,2,5,3,7,32,9,8,34,9,11,19,99,Tinggi,Rendah,Rendah
306,Lina,Santoso,2,2,0,1,1,0,1,3,4,2,5,5,1,6,4,3,15,13,17,3,26,16,21,77,Sedang,Rendah,Rendah
307,Siti,Santoso,3,3,3,2,3,4,2,3,4,3,4,2,5,6,0,28,8,16,27,37,30,30,17,146,Rendah,Sedang,Rendah
308,Dewi,Santoso,1,2,1,1,3,3,0,3,4,1,6,6,4,6,6,34,31,32,18,15,24,19,28,154,Sedang,Rendah,Rendah
309,Siti,Hidayat,0,0,3,2,0,3,0,2,2,2,1,4,3,0,3,12,20,4,12,38,15,14,11,101,Tinggi,Tinggi,Rendah
310,Dewi,Lestari,2,0,2,3,2,1,1,4,4,0,0,6,3,5,5,24,11,35,12,23,16,19,19,121,Sedang,Rendah,Rendah
311,Sari,Lestari,1,0,1,1,0,4,4,3,3,4,1,0,5,5,3,32,15,10,30,22,13,21,14,122,Rendah,Sedang,Rendah
312,Rina,Wibowo,0,0,0,1,3,0,2,0,3,2,6,3,4,0,6,24,17,25,19,26,7,11,19,118,Tinggi,Rendah,Rendah
313,Dewi,Wibowo,1,2,0,1,2,2,4,2,3,4,4,6,4,2,0,4,34,16,30,30,18,21,16,132,Rendah,Sedang,Rendah
314,Budi,Hidayat,0,2,2,0,2,1,2,1,1,2,1,0,5,5,6,32,23,14,18,39,32,13,17,158,Tinggi,Sedang,Rendah
315,Joko,Hidayat,0,2,0,0,1,1,4,4,2,2,4,6,6,3,6,15,19,7,7,29,18,16,25,95,Sedang,Rendah,Rendah
316,Putra,Siregar,2,1,0,0,3,4,2,3,0,4,5,4,2,0,0,9,7,16,31,27,39,19,11,129,Sedang,Tinggi,Rendah
317,Siti,Lestari,3,2,0,0,2,1,0,2,2,4,5,4,5,4,4,10,8,32,12,17,17,16,22,96,Sedang,Rendah,Rendah
318,Agus,Hidayat,3,3,0,3,2,4,1,2,0,1,3,1,6,6,4,31,12,5,34,25,36,19,20,143,Sedang,Rendah,Rendah
319,Joko,Lestari,2,1,3,2,2,2,1,0,2,0,6,2,1,5,5,3,33,25,20,29,33,15,19,143,Tinggi,Rendah,Rendah
320,Hadi,Hidayat,1,3,0,2,3,0,2,1,4,0,5,5,0,6,0,8,7,24,27,3,9,16,16,78,Sedang,Sedang,Rendah
321,Putra,Siregar,1,1,2,3,2,1,2,2,4,0,3,0,1,4,1,34,25,15,21,12,25,18,9,132,Sedang,Tinggi,Rendah
322,Putra,Siregar,0,1,2,0,3,1,2,1,0,4,3,5,0,1,6,30,4,7,26,33,12,14,15,112,Tinggi,Sedang,Rendah
323,Sari,Siregar,0,0,1,0,2,4,0,1,0,3,0,6,3,5,5,35,23,30,23,22,10,11,19,143,Tinggi,Rendah,Rendah
324,Joko,Santoso,2,1,1,0,0,0,0,4,0,0,2,5,1,6,4,4,1,7,14,40,35,8,18,101,Tinggi,Rendah,Rendah
325,Agus,Lestari,2,3,3,2,3,3,1,2,0,4,3,1,4,3,6,31,27,8,20,7,33,23,17,126,Rendah,Sedang,Rendah
326,Rina,Santoso,1,1,0,2,0,3,0,1,2,2,5,3,4,0,5,27,9,16,23,1,34,12,17,110,Tinggi,Sedang,Rendah
327,Budi,Siregar,2,0,1,2,0,3,3,3,3,3,5,0,3,1,1,4,27,8,21,19,27,20,10,106,Rendah,Tinggi,Rendah
328,Rina,Lestari,2,1,3,2,1,3,1,2,3,0,1,6,1,4,3,10,19,15,21,11,34,18,15,110,Sedang,Sedang,Rendah
329,Budi,Siregar,0,2,3,2,1,4,4,3,0,4,4,1,3,1,3,33,13,14,11,3,18,23,12,92,Rendah,Tinggi,Rendah
330,Agus,Siregar,2,1,0,1,3,3,0,4,4,4,5,0,5,2,4,22,20,15,2,28,5,22,16,92,Rendah,Sedang,Rendah
331,Lina,Santoso,0,3,1,1,0,1,2,0,2,2,1,4,4,0,2,26,17,25,35,5,6,12,11,114,Tinggi,Tinggi,Rendah
332,Sari,Hidayat,3,1,2,0,3,2,1,1,4,0,0,1,2,1,0,24,15,12,1,15,31,17,4,98,Sedang,Tinggi,Rendah
333,Agus,Lestari,3,3,2,2,1,0,1,4,0,4,6,0,5,0,6,21,28,30,38,23,25,20,17,165,Rendah,Sedang,Rendah
334,Agus,Siregar,2,1,3,1,2,3,3,2,2,2,1,2,5,6,3,5,34,31,31,27,15,21,17,143,Rendah,Sedang,Rendah
335,Budi,Hidayat,2,1,0,1,2,1,0,1,2,2,4,0,2,1,0,24,22,25,14,20,27,12,7,132,Tinggi,Tinggi,Rendah
336,Rina,Wibowo,3,0,3,3,1,0,1,0,0,2,0,0,6,6,5,18,18,24,33,32,36,13,17,161,Tinggi,Sedang,Rendah
337,Agus,Santoso,0,3,1,3,0,4,3,2,4,0,6,2,0,0,2,3,19,28,11,15,13,20,10,89,Rendah,Tinggi,Rendah
338,Joko,Wibowo,0,3,0,3,1,3,3,3,2,2,5,6,3,3,2,28,24,19,18,15,10,20,19,114,Rendah,Rendah,Rendah
339,Siti,Lestari,3,2,3,0,3,4,4,1,4,3,0,5,1,1,6,22,18,23,37,7,8,27,13,115,Rendah,Tinggi,Rendah
340,Agus,Wibowo,3,1,1,1,1,3,1,1,4,0,5,6,5,6,1,28,20,4,25,32,21,16,23,130,Sedang,Rendah,Rendah
341,Rina,Santoso,2,2,1,2,2,4,4,4,0,2,4,3,1,2,4,25,23,11,10,15,38,23,14,122,Rendah,Sedang,Rendah
342,Lina,Wibowo,2,3,0,0,2,0,4,2,2,4,5,1,0,5,2,30,6,9,18,20,15,19,13,98,Sedang,Tinggi,Rendah
343,Lina,Lestari,3,3,2,0,3,3,1,4,1,0,4,1,3,6,5,33,32,4,7,37,10,20,19,123,Rendah,Rendah,Rendah
344,Rina,Wibowo,0,0,2,3,0,4,2,4,3,4,4,2,4,2,4,32,6,18,4,25,35,22,16,120,Rendah,Sedang,Rendah
345,Putra,Wibowo,3,2,0,0,0,4,3,4,1,0,1,3,0,2,5,25,27,21,17,25,9,17,11,124,Sedang,Tinggi,Rendah
346,Dewi,Wibowo,3,1,2,3,3,4,0,3,3,4,0,1,1,5,0,11,22,19,1,32,4,26,7,89,Rendah,Tinggi,Rendah
347,Rina,Hidayat,1,0,0,2,2,1,0,3,0,0,4,5,2,2,6,8,17,35,34,26,16,9,19,136,Tinggi,Rendah,Rendah
348,Siti,Lestari,2,3,1,2,0,0,3,4,2,4,1,6,4,2,2,25,5,29,7,8,21,21,15,95,Rendah,Sedang,Rendah
349,Rina,Wibowo,0,3,3,1,0,2,1,2,3,4,0,2,2,5,4,16,29,5,31,3,31,19,13,115,Sedang,Tinggi,Rendah
350,Dewi,Hidayat,1,1,0,0,2,3,4,2,2,2,4,0,5,3,3,19,22,6,37,17,9,17,15,110,Sedang,Sedang,Rendah
351,Hadi,Wibowo,0,2,3,1,0,2,1,3,3,4,2,1,6,3,4,10,32,33,34,8,29,19,16,146,Sedang,Sedang,Rendah
352,Agus,Siregar,3,1,1,1,0,4,4,1,1,0,0,2,2,1,2,6,11,21,33,22,27,16,7,120,Sedang,Tinggi,Rendah
353,Hadi,Hidayat,2,2,3,2,2,2,3,0,4,0,1,3,5,1,2,22,20,33,23,36,14,20,12,148,Rendah,Tinggi,Rendah
354,Agus,Wibowo,3,2,2,1,3,2,4,3,2,3,4,0,0,4,2,3,13,7,25,32,7,25,10,87,Rendah,Tinggi,Rendah
355,Hadi,Hidayat,0,0,2,2,0,0,1,0,0,0,6,2,4,6,1,12,17,19,18,36,13,5,19,115,Tinggi,Rendah,Rendah
356,Budi,Lestari,1,1,3,0,3,4,2,3,1,0,1,1,2,1,6,23,29,6,26,34,39,18,11,157,Sedang,Tinggi,Rendah
357,Lina,Santoso,2,0,0,1,1,0,3,0,2,1,0,0,6,3,5,19,8,10,9,4,31,10,14,81,Tinggi,Sedang,Rendah
358,Budi,Lestari,1,0,3,2,2,2,2,1,2,0,5,2,3,3,5,32,31,17,33,13,20,15,18,146,Tinggi,Rendah,Rendah
359,Putra,Wibowo,0,2,2,2,2,3,3,1,3,3,3,3,3,1,2,24,12,24,10,29,16,21,12,115,Rendah,Tinggi,Rendah
360,Joko,Santoso,2,2,1,3,2,2,2,3,3,0,4,5,0,2,1,30,1,6,17,17,20,20,12,91,Rendah,Tinggi,Rendah
361,Siti,Siregar,1,2,0,2,2,1,0,4,4,3,5,6,4,5,1,8,27,23,25,24,36,19,21,143,Sedang,Rendah,Rendah
362,Rina,Lestari,1,2,0,1,3,0,3,4,3,0,1,0,6,4,3,16,5,17,39,5,5,17,14,87,Sedang,Sedang,Rendah
363,Budi,Santoso,2,0,2,1,1,2,2,4,3,3,6,5,0,5,1,31,1,26,20,38,38,20,17,154,Rendah,Sedang,Rendah
364,Sari,Siregar,3,0,2,0,0,1,1,2,2,3,6,1,0,2,4,7,1,15,37,1,29,14,13,90,Tinggi,Tinggi,Rendah
365,Hadi,Hidayat,3,0,0,2,0,2,0,0,1,2,3,4,3,0,3,7,30,31,9,8,40,10,13,125,Tinggi,Tinggi,Rendah
366,Joko,Wibowo,0,3,0,2,1,1,0,1,0,1,6,2,5,0,3,24,12,4,24,32,8,9,16,104,Tinggi,Sedang,Rendah
367,Sari,Santoso,2,0,0,1,3,4,4,2,4,4,4,1,0,4,6,7,33,24,33,19,24,24,15,140,Rendah,Sedang,Rendah
368,Rina,Siregar,2,3,0,0,1,3,2,2,1,2,4,2,6,1,4,33,14,34,19,3,34,16,17,137,Sedang,Sedang,Rendah
369,Dewi,Siregar,3,0,2,1,2,4,4,0,1,2,3,5,5,3,1,25,29,16,12,27,35,19,17,144,Sedang,Sedang,Rendah
370,Dewi,Santoso,0,0,1,2,0,3,3,4,3,4,3,2,4,0,1,6,3,13,28,11,3,20,10,64,Rendah,Tinggi,Rendah
371,Joko,Wibowo,2,1,0,3,3,2,4,1,0,3,2,1,3,4,1,20,23,23,30,15,16,19,11,127,Sedang,Tinggi,Rendah
372,Siti,Wibowo,2,3,3,0,2,4,4,3,1,2,6,6,1,5,5,15,27,29,2,17,27,24,23,117,Rendah,Rendah,Rendah
373,Putra,Lestari,3,2,3,1,2,2,4,0,0,0,6,3,1,3,5,1,34,31,29,17,28,17,18,140,Sedang,Rendah,Rendah
374,Dewi,Siregar,3,2,1,0,1,1,1,4,2,3,5,5,2,0,4,8,15,1,34,19,33,18,16,110,Sedang,Sedang,Rendah
375,Lina,Hidayat,3,1,3,0,1,3,0,0,2,0,3,2,3,1,4,22,15,23,37,28,32,13,13,157,Tinggi,Tinggi,Rendah
376,Sari,Hidayat,0,2,2,3,0,2,1,4,1,1,2,2,6,2,4,19,9,25,32,14,3,16,16,102,Sedang,Sedang,Rendah
377,Dewi,Wibowo,2,1,1,2,0,4,3,1,4,2,4,0,5,1,6,22,35,11,29,23,39,20,16,159,Rendah,Sedang,Rendah
378,Budi,Lestari,3,3,0,1,2,3,4,1,2,0,6,5,1,2,1,26,25,8,2,25,22,19,15,108,Sedang,Sedang,Rendah
379,Rina,Hidayat,1,1,1,1,0,0,2,0,2,0,5,2,4,3,4,18,2,31,23,31,31,8,18,136,Tinggi,Rendah,Rendah
380,Putra,Lestari,3,3,1,3,3,2,4,3,2,3,1,0,0,6,0,1,29,21,21,39,14,27,7,125,Rendah,Tinggi,Rendah
381,Lina,Hidayat,3,2,1,3,1,3,1,1,4,4,5,2,5,6,2,8,34,29,25,36,13,23,20,145,Rendah,Rendah,Rendah
382,Joko,Lestari,3,1,3,1,1,2,3,3,1,3,4,1,4,0,3,30,18,23,14,36,32,21,12,153,Rendah,Tinggi,Rendah
383,Budi,Lestari,0,0,0,3,0,2,2,2,2,4,0,1,0,5,2,30,25,35,27,37,18,15,8,172,Tinggi,Tinggi,Sedang
384,Joko,Santoso,3,1,2,0,2,4,2,4,3,3,0,3,3,1,1,6,18,15,2,25,11,24,8,77,Rendah,Tinggi,Rendah
385,Joko,Lestari,2,0,3,2,2,1,0,0,4,0,3,1,4,0,6,25,27,12,7,9,19,14,14,99,Tinggi,Sedang,Rendah
386,Agus,Lestari,0,2,2,3,0,2,2,2,1,1,6,1,1,1,6,26,27,13,40,10,13,15,15,129,Tinggi,Sedang,Rendah
387,Siti,Santoso,0,3,3,2,1,4,3,4,1,4,4,5,5,4,3,3,12,1,37,15,35,25,21,103,Rendah,Rendah,Rendah
388,Budi,Hidayat,2,3,3,1,1,4,1,3,4,1,4,6,6,4,5,1,16,32,14,40,22,23,25,125,Rendah,Rendah,Rendah
389,Budi,Lestari,1,1,0,2,0,0,3,4,3,1,3,6,6,3,5,16,11,2,4,29,22,15,23,84,Tinggi,Rendah,Rendah
390,Sari,Santoso,3,3,2,3,0,4,2,4,0,0,5,1,5,0,0,28,31,31,25,11,17,21,11,143,Rendah,Tinggi,Rendah
391,Hadi,Siregar,3,3,1,3,3,2,0,2,2,2,5,5,1,1,1,10,21,27,6,11,29,21,13,104,Rendah,Tinggi,Rendah
392,Budi,Siregar,3,0,3,3,2,1,2,1,2,3,6,2,1,0,0,29,17,31,39,23,6,20,9,145,Rendah,Tinggi,Rendah
393,Putra,Lestari,2,2,2,3,1,2,2,3,0,3,1,4,6,2,5,6,8,24,17,14,26,20,18,95,Rendah,Rendah,Rendah
394,Rina,Lestari,1,1,0,2,3,2,0,1,3,1,6,6,5,3,5,17,20,32,17,22,40,14,25,148,Tinggi,Rendah,Rendah
395,Joko,Siregar,2,1,3,0,1,3,1,4,1,3,4,3,5,3,2,21,27,28,9,2,3,19,17,90,Sedang,Sedang,Rendah
396,Agus,Lestari,0,0,1,1,1,4,2,3,3,1,0,1,6,2,5,33,27,20,34,21,22,16,14,157,Sedang,Sedang,Rendah
397,Siti,Lestari,0,1,2,2,1,4,3,0,1,0,0,6,3,3,0,18,2,34,11,39,36,14,12,140,Tinggi,Tinggi,Rendah
398,Agus,Santoso,1,3,2,1,1,3,4,2,3,4,3,6,5,0,1,18,16,9,30,16,21,24,15,110,Rendah,Sedang,Rendah
399,Lina,Hidayat,3,2,3,2,1,2,1,0,4,4,3,2,4,2,4,6,8,26,13,15,12,22,15,80,Rendah,Sedang,Rendah
400,Putra,Santoso,0,3,1,0,3,2,1,3,0,3,4,6,6,6,2,1,33,16,4,26,16,16,24,96,Sedang,Rendah,Rendah
401,Hadi,Wibowo,1,3,3,1,3,0,4,3,2,3,4,6,4,6,3,5,3,31,22,33,19,23,23,113,Rendah,Rendah,Rendah
402,Hadi,Santoso,3,1,0,1,0,2,2,4,0,0,1,6,1,4,2,17,35,6,28,21,18,13,14,125,Tinggi,Sedang,Rendah
403,Agus,Siregar,2,1,3,2,0,3,2,3,2,0,3,1,6,3,4,18,16,21,20,11,25,18,17,111,Sedang,Sedang,Rendah
404,Dewi,Lestari,0,0,3,1,3,2,3,0,1,1,5,0,6,6,0,13,3,7,28,35,3,14,17,89,Tinggi,Sedang,Rendah
405,Siti,Siregar,0,2,1,0,1,1,0,4,0,2,5,6,6,0,4,14,9,25,30,36,7,11,21,121,Tinggi,Rendah,Rendah
406,Sari,Siregar,2,3,0,0,0,2,4,0,4,4,5,1,3,0,3,2,14,7,35,6,20,19,12,84,Sedang,Tinggi,Rendah
407,Sari,Santoso,1,1,2,0,1,1,4,2,3,3,5,3,1,6,6,11,34,30,5,15,17,18,21,112,Sedang,Rendah,Rendah
408,Sari,Lestari,2,2,3,3,3,1,4,4,3,2,3,1,2,3,5,35,24,21,36,36,36,27,14,188,Rendah,Sedang,Tinggi
409,Lina,Santoso,3,1,0,2,3,1,0,3,2,3,5,6,4,5,2,3,14,12,11,1,16,18,22,57,Sedang,Rendah,Rendah
410,Sari,Siregar,1,2,3,0,2,0,0,2,2,2,6,4,6,5,2,30,34,15,23,33,24,14,23,159,Tinggi,Rendah,Rendah
411,Rina,Santoso,0,0,2,0,3,2,4,3,2,2,2,0,0,0,4,7,27,10,30,34,9,18,6,117,Sedang,Tinggi,Rendah
412,Sari,Siregar,2,0,1,3,0,0,0,3,1,2,3,0,3,3,2,24,14,24,36,32,21,12,11,151,Tinggi,Tinggi,Rendah
413,Budi,Wibowo,1,0,2,1,0,1,2,2,1,4,5,2,4,0,6,19,16,33,6,17,22,14,17,113,Tinggi,Sedang,Rendah
414,Putra,Hidayat,1,2,1,1,0,2,3,0,0,2,4,5,2,2,6,26,12,4,22,28,14,12,19,106,Tinggi,Rendah,Rendah
415,Dewi,Santoso,2,2,1,3,1,2,4,2,1,3,0,6,3,6,2,11,10,10,7,37,17,21,17,92,Rendah,Sedang,Rendah
416,Joko,Wibowo,0,1,1,1,2,3,1,2,3,4,3,5,6,6,6,6,27,24,37,13,23,18,26,130,Sedang,Rendah,Rendah
417,Joko,Siregar,0,0,0,2,3,1,3,1,0,0,4,0,0,4,3,11,15,26,10,17,21,10,11,100,Tinggi,Tinggi,Rendah
418,Dewi,Hidayat,1,1,2,3,1,4,0,0,0,1,1,6,0,0,2,25,27,14,38,2,30,13,9,136,Tinggi,Tinggi,Rendah
419,Hadi,Siregar,1,2,3,3,1,1,3,1,2,3,4,4,0,3,3,28,11,10,13,10,13,20,14,85,Rendah,Sedang,Rendah
420,Dewi,Wibowo,3,0,2,1,2,0,0,1,0,4,5,1,1,3,5,24,13,31,30,4,25,13,15,127,Tinggi,Sedang,Rendah
421,Joko,Hidayat,3,3,0,3,1,3,1,1,2,1,4,0,4,1,0,2,9,21,39,5,24,18,9,100,Sedang,Tinggi,Rendah
422,Dewi,Siregar,1,3,2,0,1,0,2,0,0,2,1,3,2,5,6,19,15,33,12,21,21,11,17,121,Tinggi,Sedang,Rendah
423,Rina,Wibowo,1,2,3,0,0,1,1,0,2,3,1,0,1,1,5,34,21,22,20,38,18,13,8,153,Tinggi,Tinggi,Rendah
424,Siti,Lestari,0,1,2,2,3,2,0,2,2,2,2,3,2,2,4,3,23,5,15,11,11,16,13,68,Sedang,Tinggi,Rendah
425,Rina,Wibowo,1,2,3,0,3,2,3,2,3,1,3,6,3,4,4,10,23,2,7,29,21,20,20,92,Rendah,Rendah,Rendah
426,Agus,Lestari,3,1,2,1,0,2,4,3,2,0,4,3,4,0,6,19,1,9,11,5,13,18,17,58,Sedang,Sedang,Rendah
427,Budi,Lestari,1,0,1,2,2,2,3,2,0,1,2,4,1,4,5,10,18,1,22,28,14,14,16,93,Tinggi,Sedang,Rendah
428,Lina,Hidayat,0,1,3,1,1,1,3,2,4,0,6,2,6,5,0,23,32,21,3,23,3,16,19,105,Sedang,Rendah,Rendah
429,Joko,Santoso,2,2,1,1,3,3,0,4,3,1,1,4,3,3,4,8,7,25,26,9,37,20,15,112,Rendah,Sedang,Rendah
430,Siti,Santoso,0,3,0,0,3,2,1,3,1,4,0,6,5,0,6,9,17,30,38,32,32,17,17,158,Sedang,Sedang,Rendah
431,Agus,Lestari,2,3,0,3,1,2,0,0,3,3,6,6,0,6,1,21,8,30,20,18,15,17,19,112,Sedang,Rendah,Rendah
432,Rina,Siregar,2,3,3,2,2,4,1,3,2,3,1,3,5,3,1,27,18,16,14,9,31,25,13,115,Rendah,Tinggi,Rendah
433,Budi,Hidayat,0,0,0,3,2,3,2,3,4,4,2,6,3,4,2,24,34,25,1,40,8,21,17,132,Rendah,Sedang,Rendah
434,Siti,Hidayat,0,1,2,0,0,1,4,3,2,4,6,6,2,2,4,29,13,26,34,38,6,17,20,146,Sedang,Rendah,Rendah
435,Siti,Siregar,2,1,3,3,3,4,3,2,0,2,5,3,0,2,3,32,17,17,2,6,8,23,13,82,Rendah,Tinggi,Rendah
436,Lina,Hidayat,2,3,2,3,3,4,1,3,3,4,6,6,0,1,3,31,6,4,17,13,21,28,16,92,Rendah,Sedang,Rendah
437,Sari,Santoso,0,2,2,1,3,1,3,4,4,2,1,0,0,0,3,7,24,3,10,17,6,22,4,67,Rendah,Tinggi,Rendah
438,Lina,Santoso,1,2,2,1,1,4,4,3,0,2,0,6,5,4,4,16,32,16,8,39,30,20,19,141,Rendah,Rendah,Rendah
439,Lina,Santoso,3,1,0,0,0,0,2,2,2,0,1,1,4,3,4,14,20,14,1,9,9,10,13,67,Tinggi,Tinggi,Rendah
440,Siti,Santoso,1,0,2,3,3,0,3,4,3,0,5,3,2,5,0,11,19,10,2,5,13,19,15,60,Sedang,Sedang,Rendah
441,Sari,Wibowo,3,2,3,2,0,2,1,1,2,1,1,2,0,1,6,2,3,8,17,10,12,17,10,52,Sedang,Tinggi,Rendah
442,Agus,Lestari,2,1,0,3,2,0,1,1,2,0,1,2,5,6,5,33,30,16,5,37,15,12,19,136,Tinggi,Rendah,Rendah
443,Budi,Santoso,2,1,2,2,0,4,4,1,2,0,0,0,4,6,4,26,21,2,34,21,8,18,14,112,Sedang,Sedang,Rendah
444,Putra,Santoso,2,1,2,0,3,1,1,1,4,4,3,3,6,6,4,25,35,16,36,16,27,19,22,155,Sedang,Rendah,Rendah
445,Budi,Siregar,3,2,0,1,0,4,0,1,1,3,2,5,2,4,4,21,8,6,36,21,31,15,17,123,Tinggi,Sedang,Rendah
446,Budi,Siregar,2,2,1,2,2,0,0,2,0,2,0,0,4,5,3,18,26,17,10,11,26,13,12,108,Tinggi,Tinggi,Rendah
447,Siti,Hidayat,1,0,3,0,3,2,1,0,0,0,1,4,1,1,6,33,2,30,7,4,37,10,13,113,Tinggi,Tinggi,Rendah
448,Agus,Lestari,1,1,0,0,2,4,1,1,2,2,3,0,2,4,5,12,1,21,36,21,30,14,14,121,Tinggi,Sedang,Rendah
449,Lina,Santoso,3,0,1,2,3,2,1,2,4,1,4,5,4,1,5,15,23,11,18,20,17,19,19,104,Sedang,Rendah,Rendah
450,Joko,Wibowo,3,1,3,1,1,0,2,4,2,3,2,4,0,4,3,2,16,20,34,18,36,20,13,126,Rendah,Tinggi,Rendah
451,Lina,Hidayat,1,1,2,0,3,4,4,3,0,1,5,2,2,4,2,24,1,14,8,36,16,19,15,99,Sedang,Sedang,Rendah
452,Putra,Lestari,2,3,3,0,0,2,2,2,0,1,6,0,2,3,1,1,33,3,11,33,25,15,12,106,Tinggi,Tinggi,Rendah
453,Hadi,Lestari,1,2,2,3,0,4,3,4,0,4,0,2,4,3,4,3,16,17,18,13,36,23,13,103,Rendah,Tinggi,Rendah
454,Budi,Hidayat,3,3,3,0,2,0,4,0,3,0,2,4,2,6,6,15,9,22,12,6,20,18,20,84,Sedang,Rendah,Rendah
455,Dewi,Santoso,2,3,1,0,0,3,1,4,0,3,2,5,1,1,1,11,25,25,1,29,33,17,10,124,Sedang,Tinggi,Rendah
456,Lina,Hidayat,3,0,3,2,2,0,0,2,1,2,0,1,3,2,6,7,13,15,4,40,13,15,12,92,Tinggi,Tinggi,Rendah
457,Budi,Siregar,2,1,0,0,0,2,4,3,3,4,6,5,6,5,6,30,18,9,30,32,27,19,28,146,Sedang,Rendah,Rendah
458,Sari,Siregar,1,0,0,3,3,3,1,0,3,0,5,3,1,5,2,32,7,34,35,38,29,14,16,175,Tinggi,Sedang,Sedang
459,Putra,Lestari,2,3,2,1,2,2,0,4,2,4,0,0,4,6,3,4,30,22,9,28,16,22,13,109,Rendah,Tinggi,Rendah
460,Rina,Lestari,1,1,3,2,1,1,0,4,2,0,4,3,6,6,5,1,22,23,34,18,37,15,24,135,Tinggi,Rendah,Rendah
461,Sari,Lestari,0,1,2,1,3,2,4,3,2,3,3,5,0,0,2,22,28,5,21,38,9,21,10,123,Rendah,Tinggi,Rendah
462,Putra,Siregar,1,1,2,3,3,0,2,0,1,0,4,3,5,6,6,18,3,9,35,35,21,13,24,121,Tinggi,Rendah,Rendah
463,Agus,Siregar,3,1,1,2,0,4,1,0,4,1,5,0,3,6,1,28,22,29,34,7,3,17,15,123,Sedang,Sedang,Rendah
464,Sari,Lestari,0,1,3,0,0,3,1,2,1,3,2,0,5,1,1,6,18,5,8,22,15,14,9,74,Tinggi,Tinggi,Rendah
465,Lina,Lestari,0,0,1,1,3,2,2,4,1,1,5,3,2,1,0,20,1,7,10,9,12,15,11,59,Tinggi,Tinggi,Rendah
466,Agus,Santoso,1,2,1,1,0,1,2,4,2,2,4,5,6,0,0,26,9,17,2,39,13,16,15,106,Sedang,Sedang,Rendah
467,Dewi,Hidayat,3,1,2,0,1,4,2,3,0,4,0,2,4,4,1,33,22,26,20,35,13,20,11,149,Rendah,Tinggi,Rendah
468,Hadi,Hidayat,3,1,3,3,2,2,0,1,3,0,1,5,1,4,5,3,20,18,7,25,40,18,16,113,Sedang,Sedang,Rendah
469,Hadi,Hidayat,2,0,0,3,3,0,3,3,3,1,1,2,1,0,1,8,3,25,1,1,5,18,5,43,Sedang,Tinggi,Rendah
470,Agus,Siregar,1,2,0,0,3,0,1,0,3,2,5,6,1,5,3,25,28,11,23,27,22,12,20,136,Tinggi,Rendah,Rendah
471,Putra,Santoso,3,0,3,1,2,1,3,4,1,0,5,4,4,1,5,33,1,27,29,36,13,18,19,139,Sedang,Rendah,Rendah
472,Hadi,Santoso,3,0,1,0,1,0,3,1,1,0,5,2,6,2,2,22,18,22,7,1,25,10,17,95,Tinggi,Sedang,Rendah
473,Budi,Lestari,2,3,1,2,0,1,2,1,0,3,3,3,1,1,6,1,26,10,6,17,8,15,14,68,Tinggi,Sedang,Rendah
474,Hadi,Hidayat,2,0,2,2,1,1,2,1,1,2,5,5,2,1,5,5,11,13,31,14,24,14,18,98,Tinggi,Rendah,Rendah
475,Budi,Hidayat,2,3,1,1,3,2,1,3,1,1,3,1,5,4,3,10,16,6,26,22,3,18,16,83,Sedang,Sedang,Rendah
476,Rina,Hidayat,3,0,2,1,2,0,2,2,3,3,3,1,1,1,5,11,19,25,29,29,5,18,11,118,Sedang,Tinggi,Rendah
477,Rina,Wibowo,0,1,3,1,0,2,2,2,2,4,1,1,3,5,2,8,24,7,21,12,27,17,12,99,Sedang,Tinggi,Rendah
478,Rina,Siregar,2,0,3,0,2,4,0,4,0,0,6,1,4,6,3,12,7,10,6,31,39,15,20,105,Tinggi,Rendah,Rendah
479,Lina,Siregar,0,2,1,3,0,1,1,0,2,1,4,3,2,5,6,8,25,4,28,29,11,11,20,105,Tinggi,Rendah,Rendah
480,Agus,Wibowo,3,0,1,0,1,3,0,0,1,2,5,4,2,1,3,21,14,14,15,29,17,11,15,110,Tinggi,Sedang,Rendah
481,Budi,Hidayat,1,1,0,2,0,1,3,1,4,3,0,0,2,4,5,19,7,6,29,34,17,16,11,112,Sedang,Tinggi,Rendah
482,Agus,Wibowo,3,0,3,1,3,4,3,3,2,4,2,1,6,5,4,7,12,14,6,1,24,26,18,64,Rendah,Rendah,Rendah
483,Siti,Siregar,2,1,0,3,1,1,1,0,1,2,5,1,1,5,5,4,18,1,30,8,17,12,17,78,Tinggi,Sedang,Rendah
484,Rina,Santoso,1,0,0,1,1,3,1,0,4,0,4,4,5,4,3,8,7,19,5,8,31,11,20,78,Tinggi,Rendah,Rendah
485,Joko,Hidayat,3,2,1,3,0,4,4,1,0,0,5,4,2,4,5,9,35,20,26,12,39,18,20,141,Sedang,Rendah,Rendah
486,Budi,Siregar,0,0,3,2,1,1,2,3,2,3,1,4,5,0,2,27,17,3,15,28,38,17,12,128,Sedang,Tinggi,Rendah
487,Budi,Lestari,0,2,1,0,0,1,4,2,0,2,1,3,6,2,2,16,14,10,1,26,15,12,14,82,Tinggi,Sedang,Rendah
488,Hadi,Wibowo,3,2,3,1,0,0,4,2,3,2,3,3,3,1,1,29,26,28,28,39,35,20,11,185,Rendah,Tinggi,Sedang
489,Putra,Siregar,1,0,3,2,3,1,2,2,4,0,3,1,6,5,3,16,5,9,9,8,19,18,18,66,Sedang,Rendah,Rendah
490,Agus,Wibowo,0,2,3,0,2,0,2,2,4,1,3,0,1,4,0,1,8,17,29,34,16,16,8,105,Sedang,Tinggi,Rendah
491,Putra,Lestari,2,2,0,3,1,4,1,1,2,2,4,6,6,3,6,31,26,35,17,17,27,18,25,153,Sedang,Rendah,Rendah
492,Dewi,Wibowo,1,0,3,0,1,0,4,4,1,0,4,4,5,2,1,20,16,31,4,33,28,14,16,132,Tinggi,Sedang,Rendah
493,Joko,Hidayat,3,1,1,3,0,0,4,0,4,0,5,6,1,5,5,32,23,1,10,36,40,16,22,142,Sedang,Rendah,Rendah
494,Siti,Wibowo,1,3,2,0,0,4,3,3,3,1,6,5,5,3,2,27,28,27,2,17,38,20,21,139,Rendah,Rendah,Rendah
495,Lina,Siregar,3,1,3,2,0,3,1,0,2,1,0,5,5,6,4,17,27,18,16,12,20,16,20,110,Sedang,Rendah,Rendah
496,Putra,Hidayat,1,3,3,1,1,2,2,1,0,4,1,3,0,6,1,13,26,25,2,37,23,18,11,126,Sedang,Tinggi,Rendah
497,Budi,Siregar,1,0,3,3,1,3,0,3,0,2,5,4,1,6,1,32,6,34,24,11,2,16,17,109,Sedang,Sedang,Rendah
498,Budi,Siregar,0,1,2,2,2,3,0,4,0,1,6,0,5,4,1,27,5,7,21,8,4,15,16,72,Tinggi,Sedang,Rendah
499,Lina,Wibowo,2,0,2,2,0,3,1,1,3,3,4,1,5,0,3,21,20,19,17,3,15,17,13,95,Sedang,Tinggi,Rendah
500,Joko,Lestari,3,0,0,1,3,2,2,3,2,0,5,6,6,0,6,28,27,20,10,17,2,16,23,104,Sedang,Rendah,Rendah
501,Siti,Santoso,3,0,1,0,2,3,2,2,2,3,1,3,2,0,1,24,33,29,11,37,15,18,7,149,Sedang,Tinggi,Rendah
502,Dewi,Hidayat,1,3,3,0,0,0,4,1,4,3,5,1,3,0,1,21,3,29,5,5,22,19,10,85,Sedang,Tinggi,Rendah
503,Siti,Santoso,2,2,3,2,3,2,0,4,4,2,4,5,6,3,3,10,10,9,25,38,22,24,21,114,Rendah,Rendah,Rendah
504,Budi,Santoso,3,0,0,1,2,4,3,3,2,3,4,0,0,5,5,32,19,32,25,36,26,21,14,170,Rendah,Sedang,Sedang
505,Lina,Santoso,1,2,1,1,2,1,4,2,4,4,3,2,2,1,1,6,28,28,23,33,29,22,9,147,Rendah,Tinggi,Rendah
506,Sari,Lestari,0,0,0,2,3,0,2,3,0,0,5,0,2,2,2,24,7,8,36,35,6,10,11,116,Tinggi,Tinggi,Rendah
507,Siti,Wibowo,3,0,3,3,3,3,0,0,1,2,4,0,2,2,5,32,20,19,6,23,6,18,13,106,Sedang,Tinggi,Rendah
508,Hadi,Lestari,0,1,0,3,2,1,2,3,2,4,5,2,4,6,6,31,26,17,24,10,28,18,23,136,Sedang,Rendah,Rendah
509,Budi,Hidayat,3,1,2,1,2,1,0,0,1,1,3,4,0,4,6,31,17,16,21,23,33,12,17,141,Tinggi,Sedang,Rendah
510,Siti,Siregar,2,0,2,2,1,0,1,3,3,4,6,2,4,3,1,20,12,15,35,9,10,18,16,101,Sedang,Sedang,Rendah
511,Hadi,Wibowo,3,2,1,1,3,0,2,1,2,4,4,4,4,2,2,8,34,2,4,8,33,19,16,89,Sedang,Sedang,Rendah
512,Lina,Wibowo,3,1,1,1,2,0,4,0,2,4,2,6,1,6,5,2,7,15,12,37,7,18,20,80,Sedang,Rendah,Rendah
513,Siti,Wibowo,0,1,3,2,1,4,4,2,1,4,2,1,5,4,0,24,24,17,26,37,32,22,12,160,Rendah,Tinggi,Rendah
514,Joko,Hidayat,3,0,0,3,1,0,2,3,0,2,5,3,0,5,5,19,10,25,15,33,28,14,18,130,Tinggi,Rendah,Rendah
515,Putra,Lestari,2,1,0,3,1,1,0,2,1,1,3,1,5,5,2,28,18,12,23,25,33,12,16,139,Tinggi,Sedang,Rendah
516,Dewi,Lestari,1,3,0,3,3,2,0,1,3,1,6,6,4,5,4,22,20,19,21,10,5,17,25,97,Sedang,Rendah,Rendah
517,Putra,Lestari,2,2,0,3,3,4,3,3,4,4,5,6,1,0,0,31,1,27,20,38,28,28,12,145,Rendah,Tinggi,Rendah
518,Budi,Siregar,3,1,0,1,3,4,4,0,4,1,4,6,3,2,6,21,16,5,1,8,19,21,21,70,Rendah,Rendah,Rendah
519,Siti,Santoso,2,0,2,0,3,4,1,1,2,0,2,2,0,1,6,13,6,7,21,26,9,15,11,82,Tinggi,Tinggi,Rendah
520,Hadi,Hidayat,0,3,1,2,3,1,2,0,0,1,4,3,0,3,3,11,25,20,17,16,23,13,13,112,Tinggi,Tinggi,Rendah
521,Rina,Hidayat,2,3,3,1,0,1,3,4,4,0,3,5,5,5,4,19,11,21,6,39,34,21,22,130,Rendah,Rendah,Rendah
522,Rina,Hidayat,3,1,1,2,3,1,4,2,2,4,1,2,3,2,0,21,23,9,36,26,29,23,8,144,Rendah,Tinggi,Rendah
523,Dewi,Wibowo,3,3,2,0,1,4,0,3,0,2,5,5,2,0,2,33,31,31,9,37,6,18,14,147,Sedang,Sedang,Rendah
524,Sari,Wibowo,1,3,2,1,1,0,2,1,4,2,1,3,1,1,6,5,16,15,7,38,9,17,12,90,Sedang,Tinggi,Rendah
525,Putra,Hidayat,0,2,0,0,3,4,2,4,4,0,3,2,3,6,3,10,34,25,39,9,13,19,17,130,Sedang,Sedang,Rendah
526,Dewi,Hidayat,1,0,1,0,2,4,3,3,2,2,4,2,3,1,0,13,8,11,23,39,9,18,10,103,Sedang,Tinggi,Rendah
527,Sari,Hidayat,3,2,3,3,0,3,1,4,0,2,3,0,1,3,4,9,23,11,35,21,18,21,11,117,Rendah,Tinggi,Rendah
528,Budi,Lestari,2,3,0,1,0,4,1,1,1,4,2,3,1,5,4,8,22,17,27,29,37,17,15,140,Sedang,Sedang,Rendah
529,Agus,Siregar,2,1,2,0,3,2,4,0,2,0,3,2,2,4,1,34,31,25,12,11,29,16,12,142,Sedang,Tinggi,Rendah
530,Budi,Lestari,2,0,2,0,0,0,0,1,4,2,1,0,3,6,3,1,19,19,26,38,16,11,13,119,Tinggi,Tinggi,Rendah
531,Dewi,Santoso,3,0,1,0,2,3,1,4,3,4,1,5,0,6,4,6,11,7,2,9,19,21,16,54,Rendah,Sedang,Rendah
532,Joko,Lestari,2,1,3,0,3,1,4,2,2,3,4,4,5,1,2,24,29,5,39,26,30,21,16,153,Rendah,Sedang,Rendah
533,Agus,Lestari,2,3,0,2,2,0,1,3,3,0,5,3,4,5,6,32,19,11,33,29,23,16,23,147,Sedang,Rendah,Rendah
534,Siti,Lestari,2,0,2,3,1,2,1,4,3,3,3,4,3,6,5,31,19,9,21,28,9,21,21,117,Rendah,Rendah,Rendah
535,Lina,Wibowo,3,0,3,1,3,4,4,1,1,0,2,6,2,2,1,31,10,20,2,23,38,20,13,124,Rendah,Tinggi,Rendah
536,Hadi,Santoso,1,3,3,1,0,2,1,2,3,0,1,0,1,4,5,18,23,1,33,31,38,16,11,144,Sedang,Tinggi,Rendah
537,Sari,Santoso,0,1,1,0,0,2,3,0,0,0,1,0,6,4,6,22,20,10,26,17,34,7,17,129,Tinggi,Sedang,Rendah
538,Hadi,Hidayat,3,3,3,0,2,1,2,4,1,0,5,2,5,3,2,3,25,30,32,26,33,19,17,149,Sedang,Sedang,Rendah
539,Sari,Siregar,2,1,1,1,2,1,4,0,0,2,5,1,0,6,4,22,28,28,14,14,18,14,16,124,Tinggi,Sedang,Rendah
540,Agus,Siregar,3,1,1,1,3,0,4,3,0,3,3,4,0,2,4,20,9,18,5,38,38,19,13,128,Sedang,Tinggi,Rendah
541,Lina,Lestari,2,2,3,3,3,4,2,3,3,2,2,2,1,5,1,18,31,28,15,24,13,27,11,129,Rendah,Tinggi,Rendah
542,Sari,Lestari,1,3,2,1,1,3,0,2,2,1,1,2,3,4,6,6,26,33,9,5,40,16,16,119,Sedang,Sedang,Rendah
543,Lina,Hidayat,0,0,3,0,0,3,0,3,4,1,0,2,3,3,3,18,1,32,21,18,36,14,11,126,Tinggi,Tinggi,Rendah
544,Putra,Hidayat,1,1,3,2,3,3,4,3,0,2,6,0,4,6,0,33,31,35,4,22,28,22,16,153,Rendah,Sedang,Rendah
545,Agus,Lestari,3,1,3,2,2,2,0,0,1,4,2,0,2,4,2,20,28,4,10,10,4,18,10,76,Sedang,Tinggi,Rendah
546,Joko,Siregar,3,1,0,0,2,2,4,2,3,3,4,3,4,3,3,35,32,30,24,10,9,20,17,140,Rendah,Sedang,Rendah
547,Rina,Hidayat,2,0,0,1,3,4,4,4,2,2,6,5,1,1,0,29,15,6,23,12,28,22,13,113,Rendah,Tinggi,Rendah
548,Lina,Hidayat,2,1,1,2,0,0,1,2,4,0,1,3,2,3,2,33,5,6,15,35,15,13,11,109,Tinggi,Tinggi,Rendah
549,Dewi,Hidayat,2,3,1,2,0,3,2,1,0,0,1,1,2,1,0,34,8,28,32,7,5,14,5,114,Tinggi,Tinggi,Rendah
550,Siti,Wibowo,3,1,0,1,3,0,0,1,1,4,6,2,2,4,3,32,30,18,8,31,32,14,17,151,Tinggi,Sedang,Rendah
551,Siti,Siregar,1,1,1,0,3,1,1,0,4,1,2,0,2,4,6,35,26,14,5,25,26,13,14,131,Tinggi,Sedang,Rendah
552,Agus,Hidayat,2,3,2,3,0,3,3,1,3,4,3,1,2,1,3,30,4,13,2,28,10,24,10,87,Rendah,Tinggi,Rendah
553,Budi,Santoso,3,2,2,1,0,2,4,2,3,1,3,4,0,4,2,24,3,20,15,9,29,20,13,100,Rendah,Tinggi,Rendah
554,Rina,Siregar,2,3,0,1,3,2,3,4,3,0,6,1,2,4,5,34,29,14,34,15,11,21,18,137,Rendah,Rendah,Rendah
555,Lina,Lestari,2,2,3,2,0,3,1,2,1,4,5,4,5,2,4,30,14,29,19,2,39,20,20,133,Rendah,Rendah,Rendah
556,Agus,Hidayat,0,3,0,1,1,4,4,3,0,2,1,4,1,2,5,13,24,3,32,30,5,18,13,107,Sedang,Tinggi,Rendah
557,Siti,Hidayat,3,0,2,0,0,4,3,2,0,4,0,2,6,3,2,4,2,11,5,14,17,18,13,53,Sedang,Tinggi,Rendah
558,Putra,Wibowo,0,3,0,0,2,2,0,1,0,2,4,5,6,1,2,2,1,5,23,10,34,10,18,75,Tinggi,Rendah,Rendah
559,Putra,Santoso,3,3,2,2,0,1,1,0,1,4,2,3,3,4,6,19,26,29,11,16,25,17,18,126,Sedang,Rendah,Rendah
560,Budi,Siregar,0,0,2,1,3,0,2,3,1,2,3,1,6,3,0,12,30,12,18,10,39,14,13,121,Tinggi,Tinggi,Rendah
561,Rina,Siregar,1,1,1,1,0,3,4,3,2,2,3,3,4,0,4,6,30,20,4,2,7,18,14,69,Sedang,Sedang,Rendah
562,Putra,Siregar,3,0,3,3,0,1,2,1,4,0,3,0,2,4,0,25,16,5,35,5,29,17,9,115,Sedang,Tinggi,Rendah
563,Lina,Santoso,3,2,0,0,0,2,2,2,2,3,4,6,0,2,2,17,1,10,8,38,6,16,14,80,Sedang,Sedang,Rendah
564,Rina,Hidayat,1,3,0,2,3,2,0,2,4,0,3,5,1,4,3,26,20,13,26,21,34,17,16,140,Sedang,Sedang,Rendah
565,Siti,Wibowo,3,1,0,0,0,0,2,3,2,4,6,0,3,4,5,20,10,32,9,40,8,15,18,119,Tinggi,Rendah,Rendah
566,Joko,Santoso,0,0,3,3,3,0,2,2,3,2,5,3,1,1,5,9,8,17,30,12,34,18,15,110,Sedang,Sedang,Rendah
567,Sari,Wibowo,1,2,0,2,1,0,1,3,3,1,1,2,3,4,1,10,29,1,15,40,4,14,11,99,Tinggi,Tinggi,Rendah
568,Joko,Hidayat,0,1,2,2,1,2,1,4,0,4,5,3,2,5,6,31,22,21,30,9,25,17,21,138,Sedang,Rendah,Rendah
569,Rina,Wibowo,0,0,3,1,0,2,1,2,4,3,3,3,5,3,3,32,13,20,25,31,27,16,17,148,Sedang,Sedang,Rendah
570,Dewi,Siregar,2,1,3,1,3,0,3,4,3,1,1,6,2,2,2,17,22,14,10,31,11,21,13,105,Rendah,Tinggi,Rendah
571,Rina,Wibowo,1,1,3,1,0,3,3,2,2,4,2,5,4,5,4,27,3,30,3,15,4,20,20,82,Rendah,Rendah,Rendah
572,Joko,Wibowo,3,3,2,2,2,3,3,1,4,2,5,2,1,2,3,21,22,28,10,12,38,25,13,131,Rendah,Tinggi,Rendah
573,Dewi,Lestari,0,0,1,0,0,3,3,1,4,3,1,1,6,3,3,25,31,4,1,32,24,15,14,117,Tinggi,Sedang,Rendah
574,Joko,Hidayat,1,2,1,3,3,3,1,2,1,2,1,6,0,5,5,24,5,19,37,2,9,19,17,96,Sedang,Sedang,Rendah
575,Sari,Wibowo,0,1,1,2,2,3,3,2,1,2,6,6,2,5,5,19,27,8,35,22,19,17,24,130,Sedang,Rendah,Rendah
576,Sari,Hidayat,3,3,2,2,2,2,0,3,2,0,0,3,6,4,0,5,24,12,35,24,2,19,13,102,Sedang,Tinggi,Rendah
577,Agus,Lestari,3,0,1,0,3,4,1,3,3,4,5,4,2,4,4,4,5,21,36,30,6,22,19,102,Rendah,Rendah,Rendah
578,Joko,Siregar,0,0,0,2,3,4,2,2,3,0,3,6,2,4,4,15,12,28,22,24,26,16,19,127,Sedang,Rendah,Rendah
579,Dewi,Wibowo,1,2,0,1,1,3,0,1,0,1,6,4,5,3,2,23,25,15,32,37,39,10,20,171,Tinggi,Rendah,Sedang
580,Agus,Hidayat,1,3,2,3,0,3,0,2,0,3,0,0,2,1,6,9,12,5,15,27,3,17,9,71,Sedang,Tinggi,Rendah
581,Hadi,Siregar,1,3,1,3,1,1,1,2,2,4,1,5,5,4,0,16,8,3,14,31,21,19,15,93,Sedang,Sedang,Rendah
582,Budi,Santoso,0,2,3,0,2,4,1,4,4,4,4,1,2,6,2,9,4,24,37,22,36,24,15,132,Rendah,Sedang,Rendah
583,Budi,Hidayat,2,1,3,0,2,3,0,2,0,1,1,5,3,6,5,17,22,10,28,1,24,14,20,102,Tinggi,Rendah,Rendah
584,Joko,Lestari,1,3,1,1,3,0,3,3,4,0,6,2,3,6,6,13,3,10,24,3,4,19,23,57,Sedang,Rendah,Rendah
585,Budi,Santoso,2,1,0,0,3,0,1,2,0,4,2,3,2,2,2,14,19,32,36,37,37,13,11,175,Tinggi,Tinggi,Sedang
586,Dewi,Santoso,3,2,0,1,3,4,4,3,0,0,3,3,6,6,6,16,4,27,17,25,13,20,24,102,Rendah,Rendah,Rendah
587,Siti,Santoso,0,0,0,2,2,0,0,0,2,0,2,1,6,5,3,1,10,24,16,4,36,6,17,91,Tinggi,Sedang,Rendah
588,Hadi,Wibowo,0,2,1,0,1,1,1,3,3,3,5,1,6,3,4,15,25,30,3,13,37,15,19,123,Tinggi,Rendah,Rendah
589,Hadi,Siregar,2,0,0,1,0,1,0,4,0,0,3,0,2,2,3,11,24,5,12,1,17,8,10,70,Tinggi,Tinggi,Rendah
590,Budi,Lestari,3,0,1,1,3,1,0,2,2,0,5,3,6,3,6,29,29,24,27,4,21,13,23,134,Tinggi,Rendah,Rendah
591,Budi,Lestari,3,0,3,0,1,1,1,2,3,0,1,0,2,6,2,20,20,1,37,23,8,14,11,109,Tinggi,Tinggi,Rendah
592,Siti,Siregar,1,2,1,3,2,4,1,3,3,3,6,3,0,4,4,15,15,2,32,1,17,23,17,82,Rendah,Sedang,Rendah
593,Agus,Santoso,3,1,2,0,2,4,0,0,3,4,2,5,4,0,2,21,30,10,11,26,13,19,13,111,Sedang,Tinggi,Rendah
594,Dewi,Santoso,2,3,3,1,1,1,2,2,1,0,5,4,4,4,2,5,15,8,26,16,26,16,19,96,Sedang,Rendah,Rendah
595,Putra,Santoso,0,3,1,2,0,3,0,0,1,0,3,6,6,1,3,10,15,35,17,31,15,10,19,123,Tinggi,Rendah,Rendah
596,Dewi,Hidayat,1,3,3,3,0,1,2,2,0,3,2,4,0,1,4,30,35,30,36,32,15,18,11,178,Sedang,Tinggi,Sedang
597,Dewi,Lestari,3,3,1,0,2,2,3,3,2,2,0,0,3,4,2,8,28,34,39,35,36,21,9,180,Rendah,Tinggi,Sedang
598,Putra,Siregar,0,3,0,1,3,3,0,4,0,4,2,5,2,4,2,30,20,14,10,11,24,18,15,109,Sedang,Sedang,Rendah
599,Rina,Siregar,2,2,0,2,1,2,2,1,4,1,4,2,1,1,0,35,22,28,4,19,35,17,8,143,Sedang,Tinggi,Rendah
600,Agus,Wibowo,3,1,2,3,0,4,4,1,0,2,0,1,1,4,5,26,5,20,39,28,21,20,11,139,Rendah,Tinggi,Rendah
601,Lina,Santoso,3,1,0,2,1,3,0,2,4,3,4,1,5,3,1,1,35,1,9,31,34,19,14,111,Sedang,Sedang,Rendah
602,Sari,Wibowo,1,1,0,0,2,3,0,0,3,0,3,0,6,4,6,33,20,24,36,19,15,10,19,147,Tinggi,Rendah,Rendah
603,Siti,Hidayat,0,2,1,3,1,3,4,3,2,4,6,5,5,0,1,34,4,19,29,32,24,23,17,142,Rendah,Sedang,Rendah
604,Agus,Hidayat,1,0,2,3,0,4,3,4,3,3,3,2,2,5,6,10,5,19,14,8,37,23,18,93,Rendah,Rendah,Rendah
605,Putra,Lestari,3,2,3,0,2,4,1,0,2,4,3,6,6,3,6,16,28,18,16,13,38,21,24,129,Rendah,Rendah,Rendah
606,Hadi,Hidayat,0,0,3,2,2,3,1,4,1,1,0,2,0,5,0,8,29,21,19,25,16,17,7,118,Sedang,Tinggi,Rendah
607,Agus,Siregar,3,0,3,2,3,3,4,0,0,2,5,4,1,2,6,15,28,3,29,32,9,20,18,116,Rendah,Rendah,Rendah
608,Budi,Wibowo,0,1,2,0,3,4,2,1,3,0,0,0,2,4,6,23,33,19,20,36,26,16,12,157,Sedang,Tinggi,Rendah
609,Budi,Lestari,3,1,0,3,3,3,0,4,1,2,1,2,1,2,3,26,24,35,21,37,36,20,9,179,Rendah,Tinggi,Sedang
610,Rina,Santoso,0,1,2,0,3,4,4,1,0,2,5,3,4,4,6,27,6,34,19,31,15,17,22,132,Sedang,Rendah,Rendah
611,Hadi,Hidayat,1,0,2,2,2,2,4,4,3,2,5,0,1,6,6,20,3,5,3,35,25,22,18,91,Rendah,Rendah,Rendah
612,Budi,Siregar,2,0,1,0,3,0,1,2,3,4,1,2,5,1,0,7,12,11,16,30,39,16,9,115,Sedang,Tinggi,Rendah
613,Agus,Santoso,3,0,2,3,1,1,3,4,0,1,0,0,2,4,2,6,1,11,4,7,14,18,8,43,Sedang,Tinggi,Rendah
614,Putra,Lestari,2,3,2,1,1,2,3,3,4,1,5,6,0,2,3,7,20,16,1,21,33,22,16,98,Rendah,Sedang,Rendah
615,Lina,Hidayat,3,2,0,3,2,0,2,1,0,2,5,6,6,2,4,24,10,16,14,20,10,15,23,94,Tinggi,Rendah,Rendah
616,Siti,Wibowo,3,3,3,0,3,1,1,4,0,4,5,0,2,0,6,6,33,3,33,7,38,22,13,120,Rendah,Tinggi,Rendah
617,Agus,Santoso,3,3,2,2,3,2,0,4,0,1,6,2,4,5,5,32,32,24,14,3,21,20,22,126,Rendah,Rendah,Rendah
618,Sari,Hidayat,0,0,1,0,1,0,0,4,2,3,1,6,4,0,1,21,5,19,16,28,16,11,12,105,Tinggi,Tinggi,Rendah
619,Dewi,Lestari,0,1,2,2,0,3,3,1,2,0,4,0,3,6,0,33,13,29,23,6,16,14,13,120,Tinggi,Tinggi,Rendah
620,Agus,Wibowo,2,2,1,3,3,3,4,3,0,4,4,4,3,5,6,9,32,35,16,28,30,25,22,150,Rendah,Rendah,Rendah
621,Hadi,Hidayat,2,3,2,1,3,1,3,3,2,1,6,1,0,3,2,7,11,31,10,24,26,21,12,109,Rendah,Tinggi,Rendah
622,Putra,Santoso,0,3,3,0,1,1,4,0,4,3,3,3,2,2,0,3,34,19,34,13,37,19,10,140,Sedang,Tinggi,Rendah
623,Lina,Hidayat,3,2,3,0,2,2,1,2,4,4,0,3,1,5,1,9,23,30,21,40,3,23,10,126,Rendah,Tinggi,Rendah
624,Budi,Lestari,2,0,1,1,1,3,4,4,1,2,2,5,4,1,1,27,8,20,38,27,30,19,13,150,Sedang,Tinggi,Rendah
625,Hadi,Santoso,3,0,0,0,1,2,2,0,1,1,4,6,3,2,6,3,33,21,32,30,7,10,21,126,Tinggi,Rendah,Rendah
626,Hadi,Lestari,3,2,0,0,3,2,3,3,0,0,0,0,1,5,2,6,23,4,39,40,11,16,8,123,Sedang,Tinggi,Rendah
627,Agus,Lestari,1,0,3,1,1,2,3,3,3,3,5,2,1,4,4,19,31,21,37,18,34,20,16,160,Rendah,Sedang,Rendah
628,Putra,Wibowo,0,1,3,0,2,4,4,4,0,3,2,4,1,2,0,28,33,25,5,26,35,21,9,152,Rendah,Tinggi,Rendah
629,Lina,Hidayat,3,2,1,2,0,1,2,0,0,4,2,4,1,0,6,3,19,31,30,1,26,15,13,110,Tinggi,Tinggi,Rendah
630,Putra,Siregar,0,0,3,2,3,0,2,3,2,2,1,6,4,3,1,12,30,31,3,22,3,17,15,101,Sedang,Sedang,Rendah
631,Budi,Wibowo,1,3,0,2,1,4,1,1,2,0,4,4,6,0,3,2,16,1,13,30,1,15,17,63,Tinggi,Sedang,Rendah
632,Budi,Hidayat,2,2,3,3,3,0,4,4,1,3,3,3,5,2,4,35,3,4,33,7,11,25,17,93,Rendah,Sedang,Rendah
633,Agus,Santoso,0,2,2,0,1,4,4,2,0,0,4,2,1,3,0,16,2,27,3,22,31,15,10,101,Tinggi,Tinggi,Rendah
634,Dewi,Lestari,1,3,0,2,2,2,1,2,4,1,3,6,5,2,1,4,28,4,35,35,39,18,17,145,Sedang,Sedang,Rendah
635,Siti,Santoso,0,1,3,2,3,3,1,4,3,1,2,5,4,6,2,17,14,11,22,7,2,21,19,73,Rendah,Rendah,Rendah
636,Budi,Hidayat,2,2,2,2,0,0,3,2,0,0,5,6,1,4,2,30,7,17,28,21,14,13,18,117,Tinggi,Rendah,Rendah
637,Joko,Lestari,1,3,3,3,1,2,3,2,2,1,6,2,2,2,3,25,26,8,14,6,38,21,15,117,Rendah,Sedang,Rendah
638,Rina,Wibowo,0,2,2,1,0,1,0,3,3,1,0,3,1,4,0,14,18,24,16,10,38,13,8,120,Tinggi,Tinggi,Rendah
639,Lina,Santoso,2,3,2,3,1,1,4,1,1,1,2,5,6,4,0,26,2,17,38,14,32,19,17,129,Sedang,Sedang,Rendah
640,Agus,Hidayat,2,3,2,2,2,0,3,0,4,1,3,0,4,3,1,23,29,14,12,24,29,19,11,131,Sedang,Tinggi,Rendah
641,Joko,Hidayat,3,3,0,1,2,2,2,1,4,2,5,2,6,4,3,8,17,1,25,12,24,20,20,87,Rendah,Rendah,Rendah
642,Putra,Lestari,3,3,0,1,1,1,2,1,3,3,0,2,6,0,1,22,10,29,17,10,25,18,9,113,Sedang,Tinggi,Rendah
643,Agus,Santoso,3,3,0,2,0,1,2,2,0,4,3,4,3,4,5,29,33,29,25,9,17,17,19,142,Sedang,Rendah,Rendah
644,Dewi,Lestari,2,1,1,0,3,4,1,2,3,3,1,6,3,4,2,16,20,11,28,3,32,20,16,110,Rendah,Sedang,Rendah
645,Siti,Lestari,3,3,1,2,3,4,3,3,1,1,4,0,5,6,3,24,34,33,17,30,36,24,18,174,Rendah,Rendah,Sedang
646,Lina,Lestari,0,3,0,0,2,0,4,4,1,2,4,6,1,1,4,14,20,5,27,8,34,16,16,108,Sedang,Sedang,Rendah
647,Agus,Siregar,0,2,3,0,1,3,1,1,3,4,1,4,5,4,1,3,35,28,36,11,9,18,15,122,Sedang,Sedang,Rendah
648,Agus,Santoso,0,2,1,0,1,4,3,0,1,3,0,3,2,5,6,3,24,15,10,33,19,15,16,104,Tinggi,Sedang,Rendah
649,Dewi,Santoso,1,0,3,3,1,0,4,3,2,0,5,1,1,3,4,21,14,7,31,9,36,17,14,118,Sedang,Sedang,Rendah
650,Rina,Siregar,3,2,1,1,0,2,1,1,3,1,5,1,5,1,2,19,2,23,30,20,24,15,14,118,Tinggi,Sedang,Rendah
651,Putra,Santoso,2,3,1,2,1,2,4,1,0,0,5,6,3,1,4,35,7,29,35,30,38,16,19,174,Sedang,Rendah,Sedang
652,Joko,Siregar,2,1,2,1,1,3,3,3,2,1,5,5,1,4,0,31,29,17,18,26,30,19,15,151,Sedang,Sedang,Rendah
653,Agus,Wibowo,2,1,2,2,1,2,0,1,3,4,3,0,5,6,3,35,4,25,23,30,8,18,17,125,Sedang,Sedang,Rendah
654,Lina,Santoso,3,3,1,2,3,2,3,0,0,1,2,6,4,5,2,15,20,31,1,3,24,18,19,94,Sedang,Rendah,Rendah
655,Hadi,Siregar,2,2,2,0,0,3,0,3,0,3,2,3,1,0,5,28,25,21,37,40,7,15,11,158,Tinggi,Tinggi,Rendah
656,Putra,Lestari,0,2,1,0,2,2,1,4,0,4,1,0,2,1,5,20,17,31,6,22,27,16,9,123,Sedang,Tinggi,Rendah
657,Hadi,Wibowo,1,1,0,2,2,1,1,0,4,1,0,4,5,5,6,30,35,5,28,33,21,13,20,152,Tinggi,Rendah,Rendah
658,Rina,Lestari,3,3,2,2,0,0,0,4,2,3,1,2,6,2,1,28,12,27,29,18,18,19,12,132,Sedang,Tinggi,Rendah
659,Joko,Siregar,2,1,2,3,2,4,3,0,0,1,4,6,2,3,4,15,5,13,25,28,40,18,19,126,Sedang,Rendah,Rendah
660,Joko,Hidayat,3,3,1,3,0,0,3,4,3,1,4,5,3,4,2,3,29,9,22,17,7,21,18,87,Rendah,Rendah,Rendah
661,Joko,Santoso,3,3,3,1,0,3,1,1,0,0,2,5,6,6,1,21,35,27,15,39,10,15,20,147,Tinggi,Rendah,Rendah
662,Siti,Siregar,2,2,0,2,0,4,4,0,0,4,1,2,6,3,4,7,20,32,13,7,38,18,16,117,Sedang,Sedang,Rendah
663,Rina,Hidayat,1,3,3,0,0,1,3,4,1,0,6,3,5,6,0,12,15,4,20,40,37,16,20,128,Sedang,Rendah,Rendah
664,Dewi,Wibowo,0,0,0,3,1,1,1,2,4,1,5,3,0,1,1,6,27,25,22,2,29,13,10,111,Tinggi,Tinggi,Rendah
665,Joko,Santoso,0,0,1,1,1,2,1,4,2,1,3,5,2,2,6,1,19,9,24,33,24,13,18,110,Tinggi,Rendah,Rendah
666,Budi,Hidayat,3,3,2,3,1,1,2,4,0,3,4,4,6,1,0,20,35,35,3,3,18,22,15,114,Rendah,Sedang,Rendah
667,Dewi,Santoso,1,0,0,2,1,3,0,3,2,1,3,1,0,2,5,26,30,4,10,33,6,13,11,109,Tinggi,Tinggi,Rendah
668,Hadi,Lestari,0,0,2,0,3,3,4,1,4,1,1,5,1,4,2,22,21,1,16,18,3,18,13,81,Sedang,Tinggi,Rendah
669,Sari,Wibowo,2,1,2,1,0,3,2,1,2,0,5,5,6,6,1,34,16,9,5,19,29,14,23,112,Tinggi,Rendah,Rendah
670,Lina,Santoso,3,1,1,2,3,3,2,1,2,2,4,0,1,1,5,28,30,15,38,24,13,20,11,148,Rendah,Tinggi,Rendah
671,Joko,Siregar,0,2,2,1,0,2,0,4,2,2,1,5,4,2,3,28,4,12,28,11,20,15,15,103,Tinggi,Sedang,Rendah
672,Siti,Santoso,1,2,3,0,1,1,1,1,0,1,0,5,4,3,6,35,18,33,8,4,30,11,18,128,Tinggi,Rendah,Rendah
673,Dewi,Siregar,1,0,1,3,0,0,0,2,2,0,5,6,2,0,2,19,22,11,23,8,3,9,15,86,Tinggi,Sedang,Rendah
674,Siti,Lestari,1,2,0,1,0,3,3,4,1,0,2,2,4,3,6,2,20,8,21,34,15,15,17,100,Tinggi,Sedang,Rendah
675,Rina,Siregar,0,1,2,2,3,4,3,1,2,2,0,4,6,0,4,16,32,15,24,13,14,20,14,114,Rendah,Sedang,Rendah
676,Hadi,Siregar,2,3,2,1,0,0,4,4,0,1,0,5,6,2,4,25,2,32,14,35,27,17,17,135,Sedang,Sedang,Rendah
677,Dewi,Lestari,0,0,3,3,1,3,4,2,1,0,5,1,6,0,6,28,8,12,32,12,35,17,18,127,Sedang,Rendah,Rendah
678,Hadi,Siregar,0,1,2,2,2,1,2,4,4,3,2,0,0,5,2,15,4,21,31,18,26,21,9,115,Rendah,Tinggi,Rendah
679,Rina,Santoso,3,0,2,2,2,1,3,4,1,4,6,2,1,3,1,13,21,24,40,27,17,22,13,142,Rendah,Tinggi,Rendah
680,Siti,Lestari,2,3,0,3,2,0,2,2,2,1,0,2,0,0,6,8,13,10,39,35,16,17,8,121,Sedang,Tinggi,Rendah
681,Agus,Wibowo,2,1,0,0,0,0,1,2,1,4,1,1,6,4,5,1,30,22,14,12,5,11,17,84,Tinggi,Sedang,Rendah
682,Agus,Santoso,2,2,3,0,0,1,0,3,2,0,6,5,3,0,2,34,7,7,11,10,23,13,16,92,Tinggi,Sedang,Rendah
683,Lina,Santoso,1,3,1,1,0,1,3,3,1,1,4,4,4,2,5,4,22,1,17,30,20,15,19,94,Tinggi,Rendah,Rendah
684,Siti,Wibowo,1,1,3,0,1,4,4,3,2,0,5,2,4,2,4,18,19,21,5,1,26,19,17,90,Sedang,Sedang,Rendah
685,Hadi,Lestari,3,3,0,0,3,3,1,1,0,1,3,6,0,1,1,14,6,32,39,10,35,15,11,136,Tinggi,Tinggi,Rendah
686,Budi,Santoso,3,0,3,0,3,4,2,3,0,1,2,1,2,1,5,6,34,35,34,12,26,19,11,147,Sedang,Tinggi,Rendah
687,Putra,Lestari,2,0,3,1,2,1,4,2,2,1,0,0,3,0,6,9,5,9,2,35,34,18,9,94,Sedang,Tinggi,Rendah
688,Siti,Santoso,1,1,0,0,1,0,1,2,4,1,2,3,6,0,3,34,14,6,18,2,10,11,14,84,Tinggi,Sedang,Rendah
689,Sari,Santoso,0,0,1,0,0,0,0,4,2,4,1,5,1,5,3,30,27,12,12,16,3,11,15,100,Tinggi,Sedang,Rendah
690,Dewi,Wibowo,3,3,2,3,2,3,0,4,1,1,3,0,5,4,6,17,1,22,14,37,10,22,18,101,Rendah,Rendah,Rendah
691,Putra,Siregar,2,0,2,3,2,1,2,3,4,1,1,1,4,0,0,21,27,22,3,28,34,20,6,135,Rendah,Tinggi,Rendah
692,Hadi,Santoso,1,3,1,1,1,3,0,2,3,3,2,6,5,2,4,21,16,18,31,1,33,18,19,120,Sedang,Rendah,Rendah
693,Siti,Hidayat,2,0,0,2,3,1,3,4,1,1,4,4,6,1,4,18,34,5,34,34,25,17,19,150,Sedang,Rendah,Rendah
694,Hadi,Hidayat,3,3,0,1,0,0,1,0,2,0,6,2,5,5,0,29,20,4,36,31,35,10,18,155,Tinggi,Rendah,Rendah
695,Siti,Hidayat,0,2,3,1,1,2,1,0,2,2,5,6,3,4,6,30,29,16,10,17,23,14,24,125,Tinggi,Rendah,Rendah
696,Agus,Wibowo,0,3,3,1,0,4,2,1,1,4,0,1,6,6,3,30,15,4,25,2,17,19,16,93,Sedang,Sedang,Rendah
697,Agus,Siregar,3,3,0,3,0,3,4,0,0,3,2,4,6,4,1,5,21,10,15,19,32,19,17,102,Sedang,Sedang,Rendah
698,Agus,Siregar,0,0,2,1,1,1,1,4,0,4,3,4,3,0,2,10,34,25,11,21,28,14,12,129,Tinggi,Tinggi,Rendah
699,Hadi,Lestari,2,0,1,1,0,4,1,4,4,2,2,0,4,3,0,12,15,25,29,38,16,19,9,135,Sedang,Tinggi,Rendah
700,Budi,Siregar,3,1,3,0,0,2,3,2,2,2,5,1,0,0,3,2,4,16,18,5,29,18,9,74,Sedang,Tinggi,Rendah
701,Rina,Hidayat,3,0,2,3,0,1,2,3,0,2,4,3,5,1,4,32,27,32,4,22,27,16,17,144,Sedang,Sedang,Rendah
702,Siti,Lestari,0,0,1,0,2,0,3,2,1,3,3,5,3,1,6,19,17,4,15,26,37,12,18,118,Tinggi,Rendah,Rendah
703,Budi,Santoso,0,1,2,3,1,2,0,2,3,0,5,6,0,1,3,17,16,23,27,18,17,14,15,118,Tinggi,Sedang,Rendah
704,Dewi,Hidayat,2,3,1,2,1,2,4,2,3,1,5,3,6,6,0,23,8,28,9,27,18,21,20,113,Rendah,Rendah,Rendah
705,Rina,Wibowo,0,1,1,0,3,1,0,2,2,2,1,5,6,6,5,9,23,15,10,8,27,12,23,92,Tinggi,Rendah,Rendah
706,Dewi,Santoso,2,0,0,3,0,4,2,3,0,3,1,5,0,5,0,15,25,13,18,7,19,17,11,97,Sedang,Tinggi,Rendah
707,Siti,Wibowo,3,0,1,0,2,0,4,1,1,3,0,3,2,2,5,8,8,19,38,17,9,15,12,99,Tinggi,Tinggi,Rendah
708,Dewi,Hidayat,2,2,3,2,0,0,1,4,0,0,3,0,5,6,5,33,21,35,21,33,7,14,19,150,Tinggi,Rendah,Rendah
709,Putra,Siregar,2,3,2,3,0,1,4,4,3,4,4,3,6,4,0,27,16,16,3,20,18,26,17,100,Rendah,Sedang,Rendah
710,Agus,Hidayat,0,1,2,1,2,3,2,4,4,0,1,2,6,3,1,8,3,18,12,38,34,19,13,113,Sedang,Tinggi,Rendah
711,Sari,Siregar,0,3,3,0,0,0,2,1,0,4,2,4,3,2,5,6,8,28,22,7,6,13,16,77,Tinggi,Sedang,Rendah
712,Dewi,Hidayat,3,3,3,2,2,2,3,1,1,0,2,0,2,2,0,19,8,25,13,9,29,20,6,103,Rendah,Tinggi,Rendah
713,Agus,Santoso,2,3,0,3,3,2,2,0,0,1,3,1,3,1,6,24,31,6,12,8,3,16,14,84,Sedang,Sedang,Rendah
714,Budi,Lestari,1,3,0,1,2,0,1,2,4,3,1,6,0,1,4,19,14,20,17,31,11,17,12,112,Sedang,Tinggi,Rendah
715,Siti,Wibowo,0,1,1,1,1,4,4,1,2,3,3,0,2,3,4,17,12,17,9,5,22,18,12,82,Sedang,Tinggi,Rendah
716,Joko,Hidayat,2,2,0,3,3,3,1,0,3,2,6,5,3,5,1,26,18,10,1,2,25,19,20,82,Sedang,Rendah,Rendah
717,Putra,Hidayat,3,3,3,2,2,0,1,3,3,2,6,6,0,5,6,22,22,31,6,32,35,22,23,148,Rendah,Rendah,Rendah
718,Putra,Santoso,3,1,1,0,3,2,0,0,1,0,0,1,3,2,1,12,9,10,16,29,35,11,7,111,Tinggi,Tinggi,Rendah
719,Hadi,Wibowo,3,1,1,1,3,4,3,0,1,4,0,0,2,5,2,27,25,3,11,13,14,21,9,93,Rendah,Tinggi,Rendah
720,Putra,Lestari,2,0,0,3,2,3,1,2,2,2,0,3,1,0,4,26,18,7,31,18,10,17,8,110,Sedang,Tinggi,Rendah
721,Dewi,Hidayat,3,0,0,2,3,4,2,2,2,4,3,2,6,5,5,25,16,19,34,18,10,22,21,122,Rendah,Rendah,Rendah
722,Hadi,Wibowo,1,0,2,1,1,2,4,2,1,4,2,5,5,1,6,33,13,11,39,31,9,18,19,136,Sedang,Rendah,Rendah
723,Joko,Wibowo,0,3,0,1,3,2,4,0,0,0,1,6,4,1,2,25,20,24,25,1,17,13,14,112,Tinggi,Sedang,Rendah
724,Siti,Lestari,3,1,2,1,2,3,2,2,4,3,4,0,6,6,1,18,24,25,7,30,12,23,17,116,Rendah,Sedang,Rendah
725,Siti,Siregar,3,2,3,3,2,1,4,1,4,3,5,5,5,3,6,27,20,25,19,38,31,26,24,160,Rendah,Rendah,Rendah
726,Agus,Santoso,1,2,3,3,3,3,0,4,3,3,6,5,4,4,1,32,10,14,8,16,15,25,20,95,Rendah,Rendah,Rendah
727,Hadi,Siregar,1,1,3,3,0,0,0,3,3,3,4,4,5,2,0,32,25,12,24,20,26,17,15,139,Sedang,Sedang,Rendah
728,Lina,Lestari,1,1,1,0,3,4,0,2,1,4,2,6,2,2,1,3,15,22,3,9,13,17,13,65,Sedang,Tinggi,Rendah
729,Agus,Santoso,2,2,3,3,1,0,3,0,4,2,6,0,5,1,2,8,14,17,9,21,3,20,14,72,Rendah,Sedang,Rendah
730,Joko,Wibowo,0,0,0,2,2,0,4,3,0,2,0,3,3,5,2,21,17,24,16,8,3,13,13,89,Tinggi,Tinggi,Rendah
731,Putra,Hidayat,2,0,0,1,3,4,4,3,3,1,5,6,5,0,6,11,13,34,8,3,28,21,22,97,Rendah,Rendah,Rendah
732,Hadi,Hidayat,1,2,0,2,3,3,2,4,4,3,4,2,1,1,5,32,10,35,28,40,14,24,13,159,Rendah,Tinggi,Rendah
733,Joko,Santoso,2,3,3,2,2,2,3,4,3,4,5,3,1,3,0,20,32,21,13,29,15,28,12,130,Rendah,Tinggi,Rendah
734,Siti,Santoso,0,3,3,1,2,1,4,0,0,1,6,6,3,5,1,16,8,15,33,37,24,15,21,133,Tinggi,Rendah,Rendah
735,Rina,Siregar,2,0,2,0,2,0,1,4,4,0,4,0,0,0,1,28,29,28,1,3,20,15,5,109,Tinggi,Tinggi,Rendah
736,Joko,Siregar,1,1,3,2,0,2,2,4,4,3,2,0,3,5,5,12,17,23,4,9,37,22,15,102,Rendah,Sedang,Rendah
737,Joko,Wibowo,2,3,1,0,2,1,4,4,3,0,3,3,3,1,1,1,12,29,25,10,1,20,11,78,Rendah,Tinggi,Rendah
738,Joko,Wibowo,1,0,0,2,2,4,3,2,3,3,5,1,3,6,2,22,9,25,16,22,8,20,17,102,Rendah,Sedang,Rendah
739,Budi,Wibowo,2,0,2,2,0,3,1,4,3,3,2,4,4,1,4,35,8,2,39,40,8,20,15,132,Rendah,Sedang,Rendah
740,Budi,Santoso,3,1,2,0,2,4,2,2,0,3,0,3,6,0,5,27,28,17,33,40,3,19,14,148,Sedang,Sedang,Rendah
741,Joko,Hidayat,1,0,1,3,0,3,1,1,4,4,5,2,3,2,5,22,24,11,20,3,8,18,17,88,Sedang,Sedang,Rendah
742,Budi,Hidayat,2,2,0,1,0,3,4,0,4,3,5,2,5,5,2,12,29,26,19,21,4,19,19,111,Sedang,Rendah,Rendah
743,Joko,Santoso,0,1,0,0,3,1,0,2,4,3,0,3,5,3,3,29,12,11,38,39,21,14,14,150,Tinggi,Sedang,Rendah
744,Dewi,Santoso,1,0,1,0,3,2,4,2,2,3,6,4,6,4,1,1,21,19,26,37,36,18,21,140,Sedang,Rendah,Rendah
745,Sari,Wibowo,1,1,3,0,2,1,2,1,2,0,4,3,0,4,4,28,13,32,29,36,23,13,15,161,Tinggi,Sedang,Rendah
746,Lina,Hidayat,2,3,1,1,1,2,2,2,4,2,0,1,5,3,1,10,35,9,17,39,8,20,10,118,Rendah,Tinggi,Rendah
747,Hadi,Lestari,3,3,1,0,2,1,4,0,1,4,6,4,1,1,2,5,18,27,30,17,36,19,14,133,Sedang,Sedang,Rendah
748,Hadi,Siregar,0,1,1,3,1,2,1,3,0,2,3,2,3,3,6,29,26,27,12,31,15,14,17,140,Tinggi,Sedang,Rendah
749,Lina,Santoso,2,1,3,1,3,1,2,0,4,3,1,6,1,5,1,8,22,2,30,31,20,20,14,113,Rendah,Sedang,Rendah
750,Joko,Wibowo,3,3,1,2,2,1,2,4,0,3,5,0,6,1,5,14,25,7,40,33,17,21,17,136,Rendah,Sedang,Rendah
751,Putra,Siregar,3,3,0,2,1,4,2,1,2,4,6,2,0,5,1,32,18,9,40,15,33,22,14,147,Rendah,Sedang,Rendah
752,Rina,Wibowo,0,2,2,3,0,1,1,3,1,4,2,2,1,3,6,24,14,19,34,32,19,17,14,142,Sedang,Sedang,Rendah
753,Agus,Siregar,1,2,1,0,0,2,4,3,3,3,1,4,2,2,6,32,30,6,25,14,16,19,15,123,Sedang,Sedang,Rendah
754,Lina,Wibowo,0,3,3,1,2,1,3,3,4,2,5,5,4,1,3,18,27,28,31,36,3,22,18,143,Rendah,Rendah,Rendah
755,Hadi,Wibowo,1,1,2,0,0,0,2,4,3,0,1,1,1,2,6,1,9,31,27,31,25,13,11,124,Tinggi,Tinggi,Rendah
756,Lina,Wibowo,1,2,0,3,1,2,2,0,0,1,4,4,2,6,3,6,25,5,39,26,5,12,19,106,Tinggi,Rendah,Rendah
757,Hadi,Wibowo,0,0,0,0,2,3,1,3,1,2,3,5,6,6,1,2,31,34,26,34,39,12,21,166,Tinggi,Rendah,Sedang
758,Sari,Lestari,0,2,0,0,1,3,0,3,1,4,3,0,4,4,6,35,25,29,36,22,23,14,17,170,Tinggi,Sedang,Sedang
759,Sari,Lestari,2,2,2,2,1,4,2,4,3,2,1,3,6,4,0,29,10,14,27,26,38,24,14,144,Rendah,Sedang,Rendah
760,Lina,Siregar,3,3,0,2,2,1,4,1,2,2,3,3,0,4,2,1,34,23,29,10,7,20,12,104,Rendah,Tinggi,Rendah
761,Budi,Wibowo,1,2,1,1,0,3,3,2,1,3,4,0,3,2,3,29,21,14,17,15,20,17,12,116,Sedang,Tinggi,Rendah
762,Siti,Santoso,3,3,0,1,3,3,0,4,1,1,0,0,0,4,5,35,19,16,12,38,39,19,9,159,Sedang,Tinggi,Rendah
763,Lina,Siregar,1,0,0,1,1,1,0,1,4,2,3,0,0,0,4,1,14,6,7,21,10,11,7,59,Tinggi,Tinggi,Rendah
764,Lina,Santoso,0,1,3,1,0,2,0,1,1,4,6,5,5,3,3,16,8,28,31,11,8,13,22,102,Tinggi,Rendah,Rendah
765,Sari,Lestari,1,3,0,0,0,3,0,0,2,0,0,1,3,5,1,21,28,31,10,31,37,9,10,158,Tinggi,Tinggi,Rendah
766,Siti,Santoso,0,2,1,1,2,4,3,0,2,2,1,3,1,5,3,35,23,28,35,4,18,17,13,143,Sedang,Tinggi,Rendah
767,Budi,Santoso,1,2,2,3,2,2,2,1,4,1,4,0,2,5,6,10,5,34,40,32,38,20,17,159,Rendah,Sedang,Rendah
768,Sari,Lestari,3,1,3,1,0,2,1,3,2,3,2,1,3,6,2,30,3,31,23,25,27,19,14,139,Sedang,Sedang,Rendah
769,Dewi,Wibowo,0,0,3,2,0,1,1,4,1,0,3,2,0,4,2,25,23,27,11,7,32,12,11,125,Tinggi,Tinggi,Rendah
770,Budi,Santoso,1,3,1,3,0,4,4,4,1,1,3,4,3,4,2,9,23,23,18,13,4,22,16,90,Rendah,Sedang,Rendah
771,Lina,Siregar,0,3,0,3,1,4,1,4,1,3,0,6,1,1,2,28,30,31,18,38,31,20,10,176,Rendah,Tinggi,Sedang
772,Sari,Santoso,1,2,3,2,0,3,2,0,2,2,2,4,0,2,5,28,20,30,18,8,1,17,13,105,Sedang,Tinggi,Rendah
773,Dewi,Siregar,2,1,0,3,0,3,1,2,1,2,2,0,4,6,3,31,28,9,11,21,2,15,15,102,Tinggi,Sedang,Rendah
774,Siti,Siregar,2,1,2,3,1,1,3,2,3,2,2,6,6,4,6,9,33,4,31,13,16,20,24,106,Rendah,Rendah,Rendah
775,Dewi,Santoso,3,1,0,1,1,2,3,3,4,1,1,5,5,3,4,19,26,35,27,21,4,19,18,132,Sedang,Rendah,Rendah
776,Agus,Hidayat,2,0,2,0,0,3,1,4,4,4,6,5,1,4,3,5,5,6,21,3,40,20,19,80,Rendah,Rendah,Rendah
777,Agus,Santoso,1,3,0,1,1,0,2,1,0,2,0,2,1,0,5,2,30,29,17,9,36,11,8,123,Tinggi,Tinggi,Rendah
778,Siti,Lestari,3,0,3,1,3,4,4,3,0,0,4,5,0,2,6,22,10,11,38,31,30,21,17,142,Rendah,Sedang,Rendah
779,Hadi,Lestari,2,0,0,3,3,2,1,0,1,0,4,3,5,1,1,16,34,9,31,1,14,12,14,105,Tinggi,Sedang,Rendah
780,Joko,Siregar,1,1,0,3,1,0,1,3,1,2,3,1,4,5,3,33,17,19,38,29,14,13,16,150,Tinggi,Sedang,Rendah
781,Joko,Santoso,0,0,2,1,0,0,0,4,1,4,5,4,4,3,0,33,11,24,22,12,30,12,16,132,Tinggi,Sedang,Rendah
782,Agus,Santoso,2,1,2,0,2,1,3,2,3,2,5,1,3,5,2,14,14,19,36,38,26,18,16,147,Sedang,Sedang,Rendah
783,Rina,Hidayat,0,3,3,2,1,3,2,1,1,1,2,6,6,0,4,15,33,15,28,9,31,17,18,131,Sedang,Rendah,Rendah
784,Budi,Lestari,0,2,2,3,0,2,1,0,3,1,5,1,3,5,6,17,9,3,21,5,24,14,20,79,Tinggi,Rendah,Rendah
785,Agus,Siregar,3,1,2,1,3,4,0,2,4,1,3,0,0,0,6,33,5,19,7,22,10,21,9,96,Rendah,Tinggi,Rendah
786,Putra,Lestari,2,3,0,0,1,0,3,3,0,4,1,3,5,3,3,23,24,35,27,30,17,16,15,156,Sedang,Sedang,Rendah
787,Agus,Wibowo,0,3,1,1,2,0,2,1,0,3,5,0,6,5,1,10,11,13,24,9,2,13,17,69,Tinggi,Sedang,Rendah
788,Agus,Wibowo,2,2,2,1,3,4,1,1,2,2,2,5,2,2,6,8,27,9,29,19,23,20,17,115,Rendah,Sedang,Rendah
789,Joko,Hidayat,3,0,1,1,2,2,1,3,1,1,3,1,1,1,2,33,35,29,11,4,37,15,8,149,Tinggi,Tinggi,Rendah
790,Budi,Wibowo,0,3,0,0,3,1,2,4,4,2,5,0,5,6,5,28,7,3,33,14,9,19,21,94,Sedang,Rendah,Rendah
791,Siti,Siregar,3,2,3,3,2,3,2,1,0,4,5,6,0,3,1,32,17,18,37,6,18,23,15,128,Rendah,Sedang,Rendah
792,Hadi,Siregar,3,0,3,2,1,1,2,3,3,1,3,0,4,2,1,19,32,3,33,20,9,19,10,116,Sedang,Tinggi,Rendah
793,Hadi,Siregar,2,2,0,1,1,0,1,1,3,1,2,0,2,3,5,32,25,1,35,2,33,12,12,128,Tinggi,Tinggi,Rendah
794,Rina,Hidayat,1,3,1,3,1,3,3,0,3,1,0,2,4,0,2,11,4,26,15,25,6,19,8,87,Sedang,Tinggi,Rendah
795,Sari,Hidayat,0,2,0,3,2,2,4,1,2,2,5,1,5,1,2,30,27,30,14,38,27,18,14,166,Sedang,Sedang,Sedang
796,Lina,Hidayat,1,0,3,1,2,3,4,2,1,1,0,3,2,3,2,18,1,11,38,17,28,18,10,113,Sedang,Tinggi,Rendah
797,Joko,Siregar,1,3,1,3,3,4,1,4,2,4,4,4,5,3,4,13,29,19,13,25,11,26,20,110,Rendah,Rendah,Rendah
798,Dewi,Siregar,2,0,2,1,3,2,2,4,3,3,5,2,5,6,0,15,10,11,24,28,38,22,18,126,Rendah,Rendah,Rendah
799,Sari,Santoso,3,3,1,3,3,1,3,3,1,0,3,3,2,5,3,21,5,34,32,26,31,21,16,149,Rendah,Sedang,Rendah
800,Rina,Wibowo,0,3,3,0,3,2,2,1,2,4,6,2,5,2,4,1,14,3,10,16,38,20,19,82,Rendah,Rendah,Rendah
801,Agus,Wibowo,0,2,3,3,2,1,4,4,4,2,5,6,3,5,3,28,14,23,31,20,8,25,22,124,Rendah,Rendah,Rendah
802,Siti,Siregar,1,3,1,3,3,0,4,1,1,3,4,0,0,4,1,28,23,17,17,36,15,20,9,136,Rendah,Tinggi,Rendah
803,Dewi,Siregar,1,1,1,2,2,2,0,4,4,1,1,3,2,1,3,29,30,33,7,33,27,18,10,159,Sedang,Tinggi,Rendah
804,Siti,Lestari,3,3,2,1,3,3,2,3,3,0,6,6,2,0,1,24,28,13,40,10,29,23,15,144,Rendah,Sedang,Rendah
805,Sari,Santoso,1,3,3,2,3,1,0,2,0,0,5,6,5,3,5,30,18,4,9,17,35,15,24,113,Tinggi,Rendah,Rendah
806,Sari,Santoso,0,0,3,3,2,1,4,3,2,0,0,3,4,5,3,23,27,6,4,40,33,18,15,133,Sedang,Sedang,Rendah
807,Siti,Siregar,2,1,3,1,0,2,1,3,2,2,0,3,4,0,4,11,16,27,4,8,6,17,11,72,Sedang,Tinggi,Rendah
808,Rina,Wibowo,3,3,3,0,0,0,0,2,2,4,5,2,1,5,6,27,21,13,13,35,7,17,19,116,Sedang,Rendah,Rendah
809,Siti,Siregar,2,2,1,1,2,3,0,4,1,2,0,4,2,3,3,10,23,10,27,23,1,18,12,94,Sedang,Tinggi,Rendah
810,Hadi,Santoso,1,2,0,1,1,1,3,4,2,2,0,1,5,5,1,2,19,17,24,14,14,17,12,90,Sedang,Tinggi,Rendah
811,Joko,Siregar,1,0,2,2,0,3,2,0,3,2,3,0,0,0,2,26,6,26,10,16,35,15,5,119,Tinggi,Tinggi,Rendah
812,Lina,Hidayat,3,3,3,1,3,0,0,1,3,2,0,5,6,5,5,25,29,20,32,17,31,19,21,154,Sedang,Rendah,Rendah
813,Hadi,Siregar,2,3,2,1,1,1,0,0,2,4,4,0,5,5,6,4,7,21,14,37,35,16,20,118,Sedang,Rendah,Rendah
814,Budi,Siregar,2,0,1,3,0,4,1,1,2,3,3,6,3,5,0,9,11,21,7,15,5,17,17,68,Sedang,Sedang,Rendah
815,Rina,Wibowo,3,1,0,0,3,1,2,2,3,4,1,0,2,4,6,15,31,7,21,13,8,19,13,95,Sedang,Tinggi,Rendah
816,Siti,Wibowo,3,1,2,1,2,4,2,0,2,4,3,4,4,1,1,19,31,9,31,14,34,21,13,138,Rendah,Tinggi,Rendah
817,Putra,Lestari,1,0,2,1,1,0,4,3,1,0,2,2,5,1,4,16,13,27,21,36,37,13,14,150,Tinggi,Sedang,Rendah
818,Siti,Siregar,3,1,2,2,0,4,2,4,0,1,0,3,1,4,5,33,31,32,40,13,10,19,13,159,Sedang,Tinggi,Rendah
819,Putra,Lestari,3,0,3,2,1,3,2,3,0,1,2,3,2,0,2,23,28,22,21,23,38,18,9,155,Sedang,Tinggi,Rendah
820,Siti,Santoso,0,2,2,1,1,1,2,0,2,3,1,3,0,2,4,23,32,26,8,31,11,14,10,131,Tinggi,Tinggi,Rendah
821,Putra,Siregar,0,1,0,0,3,4,0,2,4,2,2,6,1,4,4,33,19,19,8,3,14,16,17,96,Sedang,Sedang,Rendah
822,Lina,Santoso,1,3,1,0,0,1,2,2,1,3,5,2,0,4,0,16,18,31,12,30,26,14,11,133,Tinggi,Tinggi,Rendah
823,Dewi,Siregar,3,3,1,0,3,2,3,4,0,2,2,4,2,0,1,32,10,34,39,1,3,21,9,119,Rendah,Tinggi,Rendah
824,Budi,Hidayat,1,2,0,2,3,4,4,1,1,4,1,6,5,0,4,24,12,26,23,12,19,22,16,116,Rendah,Sedang,Rendah
825,Rina,Santoso,0,3,2,3,0,4,0,3,0,4,4,3,2,0,4,8,30,6,40,29,27,19,13,140,Sedang,Tinggi,Rendah
826,Agus,Siregar,2,0,2,3,3,3,1,4,4,4,1,0,3,6,1,23,24,20,26,19,29,26,11,141,Rendah,Tinggi,Rendah
827,Siti,Siregar,1,3,2,3,2,2,1,1,3,2,3,6,0,1,1,11,8,9,39,38,6,20,11,111,Rendah,Tinggi,Rendah
828,Dewi,Wibowo,2,1,1,0,1,0,1,4,0,2,1,1,5,5,4,29,18,12,12,8,15,12,16,94,Tinggi,Sedang,Rendah
829,Joko,Lestari,1,0,3,2,0,1,0,2,4,0,6,1,1,4,1,3,23,35,1,15,23,13,13,100,Tinggi,Tinggi,Rendah
830,Hadi,Lestari,1,1,0,1,0,3,2,0,4,4,2,5,1,6,3,11,21,13,4,5,26,16,17,80,Sedang,Sedang,Rendah
831,Rina,Hidayat,2,2,0,2,2,4,3,1,0,3,6,3,2,4,3,8,2,20,19,33,13,19,18,95,Sedang,Rendah,Rendah
832,Sari,Lestari,1,1,1,0,1,4,3,4,1,1,3,5,5,6,3,15,26,18,31,7,21,17,22,118,Sedang,Rendah,Rendah
833,Lina,Wibowo,1,3,2,0,1,2,4,0,2,1,0,4,5,0,3,11,33,24,38,5,38,16,12,149,Sedang,Tinggi,Rendah
834,Sari,Wibowo,2,0,0,3,2,4,0,3,0,2,5,2,4,3,2,35,5,33,38,32,15,16,16,158,Sedang,Sedang,Rendah
835,Putra,Wibowo,1,1,0,1,0,1,1,3,4,1,0,5,0,3,1,12,6,19,36,7,13,13,9,93,Tinggi,Tinggi,Rendah
836,Putra,Wibowo,0,2,1,1,0,2,1,3,0,1,3,5,5,6,4,1,27,27,3,12,8,11,23,78,Tinggi,Rendah,Rendah
837,Rina,Wibowo,1,0,2,3,2,4,2,1,2,0,1,0,0,2,1,18,6,23,29,34,9,17,4,119,Sedang,Tinggi,Rendah
838,Joko,Santoso,3,1,0,3,3,1,4,0,1,2,1,3,6,1,2,12,26,13,20,33,1,18,13,105,Sedang,Tinggi,Rendah
839,Siti,Siregar,3,0,3,3,2,3,2,3,3,4,5,1,6,0,2,33,18,17,14,19,40,26,14,141,Rendah,Sedang,Rendah
840,Siti,Siregar,3,0,1,1,2,2,3,0,4,4,2,5,1,6,3,10,13,17,5,30,26,20,17,101,Rendah,Sedang,Rendah
841,Sari,Lestari,1,0,1,3,3,3,2,2,3,4,0,4,4,2,5,8,20,21,8,29,18,22,15,104,Rendah,Sedang,Rendah
842,Agus,Wibowo,2,1,0,0,3,4,0,3,1,1,2,3,5,2,3,19,15,7,19,3,26,15,15,89,Tinggi,Sedang,Rendah
843,Siti,Wibowo,0,1,3,0,0,3,1,1,2,1,5,3,0,3,2,31,23,30,1,1,18,12,13,104,Tinggi,Tinggi,Rendah
844,Lina,Siregar,1,0,2,1,3,1,4,0,0,3,4,0,0,0,2,3,20,17,7,29,24,15,6,100,Tinggi,Tinggi,Rendah
845,Joko,Hidayat,2,1,0,1,2,1,3,4,0,2,0,5,6,4,5,25,35,3,1,30,3,16,20,97,Sedang,Rendah,Rendah
846,Rina,Hidayat,1,1,1,1,0,4,0,3,0,3,1,1,6,0,2,4,7,2,2,4,39,14,10,58,Tinggi,Tinggi,Rendah
847,Joko,Lestari,1,0,0,0,2,3,4,4,1,1,1,1,3,6,5,17,33,22,15,25,19,16,16,131,Sedang,Sedang,Rendah
848,Budi,Lestari,0,3,1,2,3,2,4,4,3,0,1,1,5,0,0,5,6,25,35,40,39,22,7,150,Rendah,Tinggi,Rendah
849,Hadi,Siregar,3,0,1,1,3,1,2,4,4,3,6,6,3,5,5,33,35,29,28,38,38,22,25,201,Rendah,Rendah,Tinggi
850,Siti,Lestari,1,1,0,2,0,3,0,3,1,2,0,0,4,6,6,29,31,19,15,37,37,13,16,168,Tinggi,Sedang,Sedang
851,Budi,Santoso,2,0,1,1,0,0,2,2,1,4,0,1,3,4,2,15,4,8,38,33,1,13,10,99,Tinggi,Tinggi,Rendah
852,Hadi,Hidayat,0,3,1,1,0,1,2,4,2,2,6,0,3,0,5,12,24,30,32,30,11,16,14,139,Sedang,Sedang,Rendah
853,Budi,Lestari,1,1,0,0,2,4,0,2,0,3,1,2,4,3,0,26,35,4,10,13,33,13,10,121,Tinggi,Tinggi,Rendah
854,Lina,Hidayat,2,3,2,0,1,4,0,4,0,0,5,5,1,0,4,34,1,8,14,22,11,16,15,90,Sedang,Sedang,Rendah
855,Budi,Siregar,2,0,1,2,2,4,0,0,3,0,0,3,3,1,0,27,28,1,14,11,12,14,7,93,Tinggi,Tinggi,Rendah
856,Dewi,Siregar,1,3,0,2,3,3,2,2,1,4,1,6,3,5,2,10,17,11,9,25,17,21,17,89,Rendah,Sedang,Rendah
857,Hadi,Wibowo,0,3,2,3,3,1,0,2,0,4,1,5,4,4,0,32,25,32,26,3,39,18,14,157,Sedang,Sedang,Rendah
858,Rina,Lestari,2,3,3,1,2,0,3,3,2,1,5,5,5,2,0,3,10,26,19,12,9,20,17,79,Rendah,Sedang,Rendah
859,Lina,Santoso,2,0,0,1,3,4,4,0,0,0,0,1,1,2,0,17,12,9,6,11,14,14,4,69,Tinggi,Tinggi,Rendah
860,Siti,Hidayat,3,3,2,1,1,2,4,4,2,3,4,4,5,0,5,8,28,26,1,16,31,25,18,110,Rendah,Rendah,Rendah
861,Rina,Hidayat,2,3,2,2,1,3,3,0,4,0,3,1,0,5,0,24,11,35,30,18,6,20,9,124,Rendah,Tinggi,Rendah
862,Dewi,Santoso,2,2,1,3,0,1,4,1,0,0,1,6,2,2,6,16,20,31,38,39,17,14,17,161,Tinggi,Sedang,Rendah
863,Sari,Wibowo,1,3,1,0,0,2,3,3,4,1,0,4,4,5,6,11,2,31,36,15,9,18,19,104,Sedang,Rendah,Rendah
864,Putra,Lestari,0,0,0,2,1,0,3,2,0,0,5,5,1,3,4,8,13,13,10,16,9,8,18,69,Tinggi,Rendah,Rendah
865,Hadi,Santoso,1,1,0,1,1,1,4,2,0,4,0,1,3,0,2,14,4,2,38,30,21,15,6,109,Tinggi,Tinggi,Rendah
866,Lina,Hidayat,2,0,1,2,3,0,2,1,1,4,6,2,3,1,2,31,15,27,13,6,2,16,14,94,Sedang,Sedang,Rendah
867,Rina,Wibowo,3,2,1,2,3,4,1,3,3,0,5,5,5,1,5,2,32,3,26,20,32,22,21,115,Rendah,Rendah,Rendah
868,Dewi,Santoso,1,0,0,1,3,4,2,4,3,3,1,1,2,6,5,32,12,7,20,4,35,21,15,110,Rendah,Sedang,Rendah
869,Sari,Wibowo,0,1,2,1,1,2,4,4,3,1,0,4,4,0,3,11,23,9,22,18,23,19,11,106,Sedang,Tinggi,Rendah
870,Lina,Hidayat,1,0,1,3,3,1,1,3,4,1,6,5,5,2,6,27,29,2,3,21,7,18,24,89,Sedang,Rendah,Rendah
871,Budi,Santoso,3,3,2,2,0,4,4,4,0,3,6,5,5,1,4,19,6,29,28,16,20,25,21,118,Rendah,Rendah,Rendah
872,Lina,Lestari,2,0,1,1,3,0,4,4,2,0,6,3,2,6,5,31,28,1,33,8,27,17,22,128,Sedang,Rendah,Rendah
873,Sari,Wibowo,0,0,0,2,0,4,2,1,3,0,4,3,5,2,2,2,2,9,38,22,20,12,16,93,Tinggi,Sedang,Rendah
874,Budi,Lestari,3,3,3,2,0,0,3,0,3,0,3,1,5,5,6,14,17,13,16,31,28,17,20,119,Sedang,Rendah,Rendah
875,Budi,Hidayat,3,2,3,2,0,3,1,3,3,2,2,2,5,3,2,13,34,4,40,7,29,22,14,127,Rendah,Sedang,Rendah
876,Dewi,Hidayat,0,0,3,3,3,0,2,4,0,3,1,3,5,1,4,34,13,18,23,38,15,18,14,141,Sedang,Sedang,Rendah
877,Dewi,Siregar,0,1,1,1,2,2,2,4,3,2,3,5,6,5,1,27,12,2,20,5,13,18,20,79,Sedang,Rendah,Rendah
878,Sari,Lestari,1,3,3,2,3,4,2,4,2,0,2,0,2,0,0,1,13,2,30,21,30,24,4,97,Rendah,Tinggi,Rendah
879,Dewi,Wibowo,1,1,1,1,1,2,4,3,4,3,5,3,4,4,1,4,5,27,22,3,6,21,17,67,Rendah,Sedang,Rendah
880,Lina,Siregar,2,0,1,3,3,2,1,1,0,0,1,0,2,1,2,26,21,31,39,26,9,13,6,152,Tinggi,Tinggi,Rendah
881,Rina,Wibowo,1,1,1,1,1,4,4,0,3,3,6,4,2,6,2,19,16,13,14,22,26,19,20,110,Sedang,Rendah,Rendah
882,Budi,Lestari,3,0,0,1,3,4,1,0,1,0,4,0,0,2,5,18,12,10,20,38,34,13,11,132,Tinggi,Tinggi,Rendah
883,Joko,Wibowo,3,2,3,1,3,3,1,4,0,0,6,4,3,2,2,2,2,3,22,10,23,20,17,62,Rendah,Sedang,Rendah
884,Siti,Hidayat,2,3,0,0,1,3,0,1,0,0,5,0,2,2,5,20,11,9,16,31,40,10,14,127,Tinggi,Sedang,Rendah
885,Siti,Siregar,2,1,2,2,0,4,1,1,0,3,4,6,0,6,3,18,7,24,26,18,3,16,19,96,Sedang,Rendah,Rendah
886,Rina,Lestari,3,3,1,3,3,1,1,0,0,3,3,2,5,1,6,31,20,14,35,8,36,18,17,144,Sedang,Sedang,Rendah
887,Dewi,Wibowo,2,2,3,3,1,2,0,4,4,0,5,2,4,2,0,4,16,5,23,10,37,21,13,95,Rendah,Tinggi,Rendah
888,Sari,Wibowo,0,3,3,2,2,4,2,0,3,1,2,1,3,0,4,30,30,5,39,13,32,20,10,149,Rendah,Tinggi,Rendah
889,Rina,Siregar,3,2,0,3,2,0,0,1,0,0,2,6,5,5,2,21,11,21,12,26,14,11,20,105,Tinggi,Rendah,Rendah
890,Joko,Wibowo,2,3,2,1,1,4,2,1,2,2,2,5,3,3,1,19,24,7,6,23,29,20,14,108,Rendah,Sedang,Rendah
891,Sari,Lestari,1,0,1,3,3,3,0,1,1,4,0,0,2,2,3,11,24,18,29,18,27,17,7,127,Sedang,Tinggi,Rendah
892,Hadi,Wibowo,0,2,3,0,2,4,1,1,0,2,4,3,3,6,2,18,25,7,38,17,25,15,18,130,Tinggi,Rendah,Rendah
893,Sari,Wibowo,0,0,0,3,2,2,1,0,1,1,2,5,3,1,6,15,14,24,18,23,8,10,17,102,Tinggi,Sedang,Rendah
894,Siti,Siregar,3,0,0,2,1,4,4,2,3,4,6,4,3,1,6,27,9,9,21,40,22,23,20,128,Rendah,Rendah,Rendah
895,Putra,Siregar,2,1,2,1,3,0,1,2,4,1,1,3,6,1,2,31,20,24,36,12,30,17,13,153,Sedang,Tinggi,Rendah
896,Budi,Santoso,3,1,0,2,0,2,1,3,2,3,3,4,6,5,3,3,19,18,17,9,34,17,21,100,Sedang,Rendah,Rendah
897,Dewi,Hidayat,1,3,0,2,3,1,1,0,1,1,1,1,6,1,1,4,24,8,11,39,5,13,10,91,Tinggi,Tinggi,Rendah
898,Rina,Santoso,3,2,3,2,3,4,4,2,1,2,0,3,0,1,5,32,4,26,7,11,19,26,9,99,Rendah,Tinggi,Rendah
899,Agus,Santoso,2,3,1,3,2,2,1,2,2,4,2,1,2,1,3,9,21,33,24,16,15,22,9,118,Rendah,Tinggi,Rendah
900,Joko,Wibowo,0,2,3,0,3,2,4,3,2,2,5,5,4,0,3,11,13,21,30,26,19,21,17,120,Rendah,Sedang,Rendah
901,Joko,Wibowo,1,1,1,0,2,3,3,0,1,0,0,5,0,0,2,27,24,6,13,1,26,12,7,97,Tinggi,Tinggi,Rendah
902,Dewi,Wibowo,1,1,0,3,3,2,1,1,4,1,6,2,1,6,5,32,14,16,15,20,11,17,20,108,Sedang,Rendah,Rendah
903,Dewi,Wibowo,0,1,1,0,1,4,1,4,0,3,3,4,0,0,5,25,3,31,5,7,31,15,12,102,Tinggi,Tinggi,Rendah
904,Putra,Siregar,1,0,1,1,0,3,3,4,2,1,4,3,0,6,6,35,24,1,9,21,16,16,19,106,Sedang,Rendah,Rendah
905,Sari,Siregar,3,1,3,2,1,0,3,4,4,4,3,5,0,3,0,7,31,9,5,40,7,25,11,99,Rendah,Tinggi,Rendah
906,Lina,Lestari,0,0,3,2,3,4,4,0,4,0,5,1,1,0,2,8,10,7,20,27,33,20,9,105,Rendah,Tinggi,Rendah
907,Hadi,Santoso,3,2,1,2,1,2,4,2,2,4,3,0,5,2,0,15,23,13,9,19,25,23,10,104,Rendah,Tinggi,Rendah
908,Hadi,Lestari,0,0,3,2,3,2,2,0,4,3,1,6,0,4,2,13,1,31,26,4,29,19,13,104,Sedang,Tinggi,Rendah
909,Dewi,Lestari,2,0,1,3,1,1,2,1,1,4,6,4,0,2,6,25,25,3,3,7,40,16,18,103,Sedang,Rendah,Rendah
910,Dewi,Lestari,2,0,3,0,1,2,2,1,3,3,1,1,6,6,2,8,2,29,4,9,28,17,16,80,Sedang,Sedang,Rendah
911,Putra,Siregar,0,3,0,3,3,2,4,0,2,0,0,5,6,0,5,14,17,25,18,40,8,17,16,122,Sedang,Sedang,Rendah
912,Siti,Siregar,0,3,3,1,0,1,4,2,1,1,3,4,6,6,5,16,13,14,35,36,34,16,24,148,Sedang,Rendah,Rendah
913,Putra,Wibowo,1,1,1,3,3,4,2,0,3,4,3,6,5,5,4,24,21,5,15,15,5,22,23,85,Rendah,Rendah,Rendah
914,Rina,Santoso,2,1,3,2,3,0,4,4,1,4,0,0,2,5,6,4,27,27,15,9,8,24,13,90,Rendah,Tinggi,Rendah
915,Budi,Lestari,2,3,2,1,0,3,3,2,0,2,3,0,5,1,2,27,34,31,28,20,18,18,11,158,Sedang,Tinggi,Rendah
916,Hadi,Hidayat,1,2,0,2,1,3,4,2,2,2,0,6,5,1,1,18,27,22,2,12,5,19,13,86,Sedang,Tinggi,Rendah
917,Rina,Lestari,0,3,2,1,1,3,0,2,4,0,3,0,3,4,6,23,20,4,31,10,30,16,16,118,Sedang,Sedang,Rendah
918,Dewi,Hidayat,1,3,2,2,3,4,2,1,1,2,1,0,5,0,0,17,2,21,36,8,39,21,6,123,Rendah,Tinggi,Rendah
919,Rina,Wibowo,1,2,0,3,0,1,0,1,4,1,5,4,4,3,3,28,26,9,3,21,20,13,19,107,Tinggi,Rendah,Rendah
920,Lina,Santoso,0,2,1,2,0,2,2,4,2,3,6,4,0,1,1,9,6,7,32,26,29,18,12,109,Sedang,Tinggi,Rendah
921,Lina,Lestari,2,2,2,1,2,1,3,0,1,0,4,0,2,1,5,15,19,20,37,18,12,14,12,121,Tinggi,Tinggi,Rendah
922,Dewi,Siregar,1,0,1,1,3,1,4,1,4,1,6,2,6,0,0,29,16,23,25,18,34,17,14,145,Sedang,Sedang,Rendah
923,Hadi,Lestari,2,1,3,1,1,0,2,3,4,0,1,4,6,2,1,5,1,27,31,13,21,17,14,98,Sedang,Sedang,Rendah
924,Budi,Santoso,0,0,3,1,0,4,0,1,3,0,1,5,2,4,4,3,2,29,37,37,31,12,16,139,Tinggi,Sedang,Rendah
925,Dewi,Santoso,1,3,2,2,3,0,4,2,3,0,3,1,1,6,2,8,1,6,2,16,12,20,13,45,Rendah,Tinggi,Rendah
926,Siti,Santoso,3,2,0,0,2,4,4,1,3,2,4,4,5,2,1,32,17,25,29,13,24,21,16,140,Rendah,Sedang,Rendah
927,Agus,Hidayat,2,0,0,1,0,4,1,1,1,3,1,4,2,6,0,28,19,27,24,26,23,13,13,147,Tinggi,Tinggi,Rendah
928,Dewi,Lestari,1,2,2,0,3,3,3,0,2,1,5,2,5,4,4,28,13,8,10,40,30,17,20,129,Sedang,Rendah,Rendah
929,Sari,Siregar,1,0,3,1,0,2,0,4,4,3,0,6,5,5,6,19,23,9,13,30,30,18,22,124,Sedang,Rendah,Rendah
930,Hadi,Lestari,1,0,2,3,2,1,0,0,4,3,2,0,1,4,6,34,35,24,19,24,22,16,13,158,Sedang,Tinggi,Rendah
931,Agus,Santoso,1,1,0,1,0,3,2,3,0,0,0,1,3,1,3,26,24,29,13,39,9,11,8,140,Tinggi,Tinggi,Rendah
932,Agus,Lestari,3,0,0,3,1,0,1,1,0,2,1,3,3,2,0,22,6,5,32,30,14,11,9,109,Tinggi,Tinggi,Rendah
933,Budi,Siregar,1,3,2,3,3,4,2,0,1,2,0,2,6,3,5,26,23,1,22,12,26,21,16,110,Rendah,Sedang,Rendah
934,Hadi,Lestari,3,3,2,0,2,4,0,0,3,1,2,3,1,0,6,1,16,34,11,25,37,18,12,124,Sedang,Tinggi,Rendah
935,Budi,Santoso,3,0,3,1,3,2,0,0,2,2,0,6,2,5,5,29,5,34,35,40,7,16,18,150,Sedang,Rendah,Rendah
936,Joko,Siregar,0,0,1,3,2,2,3,3,3,3,4,4,6,2,5,24,28,25,39,18,21,20,21,155,Rendah,Rendah,Rendah
937,Siti,Wibowo,2,3,0,2,0,4,2,4,1,3,6,2,3,4,0,20,26,1,23,18,24,21,15,112,Rendah,Sedang,Rendah
938,Sari,Wibowo,3,3,2,1,3,0,0,1,2,4,5,1,4,0,6,1,15,27,33,39,6,19,16,121,Sedang,Sedang,Rendah
939,Hadi,Siregar,3,2,0,1,0,2,1,2,1,4,5,6,5,3,5,23,21,14,30,38,5,16,24,131,Sedang,Rendah,Rendah
940,Putra,Hidayat,0,3,0,2,2,0,3,3,3,3,4,5,2,1,0,34,25,12,36,15,1,19,12,123,Sedang,Tinggi,Rendah
941,Putra,Lestari,1,1,1,3,2,3,0,4,4,3,3,4,1,2,6,21,3,6,40,4,19,22,16,93,Rendah,Sedang,Rendah
942,Rina,Lestari,1,2,0,1,0,4,3,4,1,2,5,6,5,6,3,5,20,7,9,15,6,18,25,62,Sedang,Rendah,Rendah
943,Sari,Siregar,3,0,3,0,1,0,4,3,1,1,0,6,1,4,5,8,6,20,29,30,29,16,16,122,Sedang,Sedang,Rendah
944,Putra,Wibowo,0,0,1,1,2,4,3,4,0,1,1,4,5,6,0,8,3,23,28,1,30,16,16,93,Sedang,Sedang,Rendah
945,Rina,Lestari,0,2,3,1,1,3,1,2,1,0,4,5,2,4,6,21,21,15,14,27,34,14,21,132,Tinggi,Rendah,Rendah
946,Budi,Siregar,0,0,0,0,2,2,2,0,1,3,5,6,0,1,0,34,7,17,13,23,14,10,12,108,Tinggi,Tinggi,Rendah
947,Rina,Santoso,0,0,1,0,3,3,2,0,4,1,6,5,4,0,1,26,29,5,25,34,19,14,16,138,Tinggi,Sedang,Rendah
948,Agus,Siregar,3,2,0,1,3,2,0,4,1,1,1,3,1,6,6,27,17,17,25,28,8,17,17,122,Sedang,Sedang,Rendah
949,Sari,Wibowo,0,0,3,0,3,0,3,4,0,3,2,4,2,4,2,27,28,19,18,13,33,16,14,138,Sedang,Sedang,Rendah
950,Dewi,Lestari,0,3,3,2,1,4,0,2,3,4,3,3,0,1,3,21,27,29,34,11,28,22,10,150,Rendah,Tinggi,Rendah
951,Joko,Wibowo,1,3,3,0,0,4,3,4,4,2,0,3,3,1,4,27,12,15,39,14,25,24,11,132,Rendah,Tinggi,Rendah
952,Budi,Siregar,2,0,0,2,1,4,0,4,3,4,4,0,2,4,6,9,21,13,16,17,40,20,16,116,Rendah,Sedang,Rendah
953,Budi,Santoso,2,0,2,3,3,3,3,1,1,1,1,1,2,0,5,15,20,14,25,35,20,19,9,129,Sedang,Tinggi,Rendah
954,Agus,Santoso,1,2,3,3,0,0,2,0,2,4,3,2,0,5,0,34,11,26,2,15,26,17,10,114,Sedang,Tinggi,Rendah
955,Hadi,Siregar,3,1,3,3,2,4,0,1,1,3,6,2,3,4,4,10,8,7,14,12,20,21,19,71,Rendah,Rendah,Rendah
956,Putra,Siregar,2,1,2,2,0,4,0,1,1,3,0,5,4,0,4,11,31,22,12,18,29,16,13,123,Sedang,Tinggi,Rendah
957,Siti,Lestari,0,0,1,2,2,1,2,1,1,3,0,6,5,1,6,20,2,30,26,22,1,13,18,101,Tinggi,Rendah,Rendah
958,Dewi,Santoso,0,1,1,1,0,1,1,3,2,2,5,1,3,2,3,4,7,18,5,25,4,12,14,63,Tinggi,Sedang,Rendah
959,Putra,Siregar,3,1,3,3,2,4,3,1,0,0,4,5,4,2,3,5,13,35,1,3,29,20,18,86,Rendah,Rendah,Rendah
960,Dewi,Hidayat,3,2,3,1,2,3,1,3,1,0,4,4,6,4,2,33,29,23,29,17,14,19,20,145,Sedang,Rendah,Rendah
961,Dewi,Siregar,1,1,2,3,1,0,0,0,2,0,6,0,4,5,1,29,22,21,22,16,38,10,16,148,Tinggi,Sedang,Rendah
962,Dewi,Wibowo,0,1,2,3,2,4,2,3,2,3,6,4,2,3,4,21,18,13,8,23,35,22,19,118,Rendah,Rendah,Rendah
963,Sari,Hidayat,2,1,1,0,2,3,0,1,2,4,2,4,1,2,5,8,13,32,37,37,20,16,14,147,Sedang,Sedang,Rendah
964,Siti,Santoso,0,1,3,2,2,4,0,4,0,0,0,2,1,1,2,21,14,17,25,19,9,16,6,105,Sedang,Tinggi,Rendah
965,Siti,Santoso,2,3,3,0,3,4,1,2,4,0,6,4,4,0,1,20,18,10,40,35,19,22,15,142,Rendah,Sedang,Rendah
966,Agus,Wibowo,3,3,2,2,1,1,0,2,0,3,0,1,3,1,6,13,26,31,32,34,15,17,11,151,Sedang,Tinggi,Rendah
967,Siti,Santoso,2,2,3,2,3,2,0,3,1,0,5,6,5,0,4,15,12,5,17,17,14,18,20,80,Sedang,Rendah,Rendah
968,Lina,Santoso,0,0,0,1,2,0,3,1,2,2,1,5,3,3,2,31,26,19,28,18,9,11,14,131,Tinggi,Sedang,Rendah
969,Budi,Wibowo,3,1,3,1,1,2,3,2,4,4,0,2,1,2,0,16,17,16,38,31,15,24,5,133,Rendah,Tinggi,Rendah
970,Dewi,Siregar,1,3,2,3,0,2,4,3,0,4,4,5,0,3,5,24,10,25,13,29,15,22,17,116,Rendah,Sedang,Rendah
971,Agus,Wibowo,0,0,2,2,3,2,0,4,1,0,4,5,2,4,1,12,7,3,27,14,4,14,16,67,Tinggi,Sedang,Rendah
972,Hadi,Siregar,3,1,1,3,1,2,1,4,1,0,1,1,6,4,6,31,35,1,4,15,5,17,18,91,Sedang,Rendah,Rendah
973,Putra,Lestari,1,2,2,3,3,2,3,1,4,3,0,4,5,6,2,31,25,11,15,37,4,24,17,123,Rendah,Sedang,Rendah
974,Sari,Lestari,3,2,1,0,3,2,1,2,4,3,3,6,4,3,0,26,12,27,33,32,13,21,16,143,Rendah,Sedang,Rendah
975,Hadi,Wibowo,2,0,1,3,3,0,0,4,1,2,6,0,1,3,5,21,9,25,20,11,38,16,15,124,Sedang,Sedang,Rendah
976,Budi,Wibowo,3,1,3,1,3,4,1,1,0,1,2,1,5,0,2,20,20,12,1,1,10,18,10,64,Sedang,Tinggi,Rendah
977,Sari,Lestari,0,2,3,1,0,2,2,2,4,2,4,0,3,3,1,5,16,28,20,12,26,18,11,107,Sedang,Tinggi,Rendah
978,Lina,Lestari,1,3,2,2,2,4,1,2,4,1,3,4,3,6,0,14,27,8,33,10,28,22,16,120,Rendah,Sedang,Rendah
979,Dewi,Wibowo,3,1,3,1,3,0,0,3,4,2,2,4,5,0,1,16,21,26,28,4,33,20,12,128,Rendah,Tinggi,Rendah
980,Sari,Wibowo,1,0,3,3,2,1,2,4,3,2,4,1,2,1,5,4,13,19,33,33,32,21,13,134,Rendah,Tinggi,Rendah
981,Agus,Wibowo,1,0,1,0,0,0,1,4,3,1,1,1,3,5,2,11,27,30,25,3,12,11,12,108,Tinggi,Tinggi,Rendah
982,Joko,Santoso,2,1,0,0,3,1,4,1,2,3,5,5,2,4,0,28,19,33,28,2,6,17,16,116,Sedang,Sedang,Rendah
983,Hadi,Lestari,3,2,2,1,0,2,4,3,2,1,0,1,0,1,2,21,22,24,12,20,27,20,4,126,Rendah,Tinggi,Rendah
984,Putra,Hidayat,3,1,1,0,3,1,3,3,4,0,5,3,3,2,2,25,33,10,13,13,15,19,15,109,Sedang,Sedang,Rendah
985,Dewi,Wibowo,1,3,3,0,1,3,2,2,2,1,0,2,2,1,4,23,26,16,17,12,27,18,9,121,Sedang,Tinggi,Rendah
986,Agus,Santoso,0,1,3,0,1,1,2,4,2,3,0,4,1,3,1,30,6,25,6,27,8,17,9,102,Sedang,Tinggi,Rendah
987,Budi,Lestari,0,1,1,2,0,0,4,2,4,1,6,0,5,4,6,5,23,20,8,5,20,15,21,81,Tinggi,Rendah,Rendah
988,Agus,Siregar,0,0,1,0,2,1,0,4,2,4,5,6,3,0,4,17,10,15,31,32,28,14,18,133,Tinggi,Rendah,Rendah
989,Hadi,Siregar,1,2,2,1,2,2,2,4,1,3,1,2,1,3,5,3,22,24,1,40,36,20,12,126,Rendah,Tinggi,Rendah
990,Lina,Siregar,3,3,1,1,1,0,1,2,4,4,3,1,6,1,5,3,28,21,15,31,27,20,16,125,Rendah,Sedang,Rendah
991,Sari,Wibowo,0,3,3,3,3,2,2,1,1,4,6,5,1,6,0,3,12,19,6,15,31,22,18,86,Rendah,Rendah,Rendah
992,Rina,Santoso,1,1,0,1,1,1,1,1,1,3,4,1,3,3,0,11,16,25,36,6,9,11,11,103,Tinggi,Tinggi,Rendah
993,Hadi,Wibowo,1,1,3,1,3,4,0,0,3,2,0,6,3,6,3,20,6,21,14,15,18,18,18,94,Sedang,Rendah,Rendah
994,Budi,Siregar,1,2,3,1,3,3,4,3,2,1,0,0,6,4,3,34,15,35,39,35,10,23,13,168,Rendah,Tinggi,Sedang
995,Hadi,Lestari,3,3,0,3,2,3,1,4,0,1,4,4,3,6,3,3,9,9,37,38,16,20,20,112,Rendah,Rendah,Rendah
996,Dewi,Hidayat,2,2,1,1,2,3,2,1,4,1,1,4,4,1,0,35,33,25,36,21,18,19,10,168,Sedang,Tinggi,Sedang
997,Dewi,Hidayat,2,2,2,1,0,1,0,1,3,4,1,5,3,2,0,2,25,30,14,2,26,16,11,99,Sedang,Tinggi,Rendah
998,Agus,Wibowo,3,3,1,2,1,2,1,0,2,0,3,0,5,1,1,28,34,12,22,14,40,15,10,150,Tinggi,Tinggi,Rendah
999,Putra,Santoso,2,3,1,1,1,2,0,0,2,4,0,0,0,3,6,10,32,31,26,40,38,16,9,177,Sedang,Tinggi,Sedang
1000,Lina,Lestari,2,0,1,0,2,2,4,3,0,3,0,0,1,3,5,19,22,24,24,12,29,17,9,130,Sedang,Tinggi,Rendah
